Description,Price,Ratings,Review Count,URL
Echo Dot (3rd Gen) - Smart speaker with Alexa - Charcoal Fabric,£39.99,4.7 out of 5 stars,"454,706",https://www.amazon.co.uk//Echo-Dot-3rd-Gen-Charcoal/dp/B07PJV3JPR/ref=sr_1_1?dchild=1&keywords=alexa&qid=1631704407&qsid=257-4916782-0421462&sr=8-1&sres=B07PJV3JPR%2CB084DWCZXZ%2CB07KD79YVL%2CB085M6F3SJ%2CB085G58KWT%2CB07SMN7FYZ%2CB084TNGZHJ%2CB084P3KP2R%2CB07NQCKJSH%2CB08KGTW3CV%2CB07PKXN9HQ%2CB07PDJ9JFF%2CB08N2YWBYF%2CB08W9JJ37B%2CB08N3P97KL%2CB08N3DBBGT
Echo Dot (4th generation) | Smart speaker with Alexa | Charcoal,£49.99,4.7 out of 5 stars,"142,930",https://www.amazon.co.uk//all-new-echo-dot-4th-generation-smart-speaker-with-alexa-charcoal/dp/B084DWCZXZ/ref=sr_1_2?dchild=1&keywords=alexa&qid=1631704407&qsid=257-4916782-0421462&sr=8-2&sres=B07PJV3JPR%2CB084DWCZXZ%2CB07KD79YVL%2CB085M6F3SJ%2CB085G58KWT%2CB07SMN7FYZ%2CB084TNGZHJ%2CB084P3KP2R%2CB07NQCKJSH%2CB08KGTW3CV%2CB07PKXN9HQ%2CB07PDJ9JFF%2CB08N2YWBYF%2CB08W9JJ37B%2CB08N3P97KL%2CB08N3DBBGT
"Echo Show 5 (1st Gen, 2019 release) – Smart Display with Alexa – Stay in touch with the help of Alexa – White",£44.99,4.7 out of 5 stars,"118,059",https://www.amazon.co.uk//amazon-echo-show-5-compact-smart-display-with-alexa/dp/B07KD79YVL/ref=sr_1_3?dchild=1&keywords=alexa&qid=1631704407&qsid=257-4916782-0421462&sr=8-3&sres=B07PJV3JPR%2CB084DWCZXZ%2CB07KD79YVL%2CB085M6F3SJ%2CB085G58KWT%2CB07SMN7FYZ%2CB084TNGZHJ%2CB084P3KP2R%2CB07NQCKJSH%2CB08KGTW3CV%2CB07PKXN9HQ%2CB07PDJ9JFF%2CB08N2YWBYF%2CB08W9JJ37B%2CB08N3P97KL%2CB08N3DBBGT
Echo Dot (4th generation) | Smart speaker with clock and Alexa | Twilight Blue,£59.99,4.8 out of 5 stars,"38,499",https://www.amazon.co.uk//all-new-echo-dot-4th-generation-smart-speaker-with-clock-and-alexa-twilight-blue/dp/B085M6F3SJ/ref=sr_1_4?dchild=1&keywords=alexa&qid=1631704407&qsid=257-4916782-0421462&sr=8-4&sres=B07PJV3JPR%2CB084DWCZXZ%2CB07KD79YVL%2CB085M6F3SJ%2CB085G58KWT%2CB07SMN7FYZ%2CB084TNGZHJ%2CB084P3KP2R%2CB07NQCKJSH%2CB08KGTW3CV%2CB07PKXN9HQ%2CB07PDJ9JFF%2CB08N2YWBYF%2CB08W9JJ37B%2CB08N3P97KL%2CB08N3DBBGT
"Echo Show 5 (1st Gen, 2019 release) – Smart Display with Alexa – Stay in touch with the help of Alexa – White",£44.99,4.7 out of 5 stars,"118,059",https://www.amazon.co.uk//gp/slredirect/picassoRedirect.html/ref=pa_sp_mtf_aps_sr_pg1_1?ie=UTF8&adId=A0119098NFUOMVYSVR5S&url=%2Famazon-echo-show-5-compact-smart-display-with-alexa%2Fdp%2FB07KD79YVL%2Fref%3Dsr_1_5_sspa%3Fdchild%3D1%26keywords%3Dalexa%26qid%3D1631704407%26sr%3D8-5-spons%26psc%3D1&qualifier=1631704407&id=7836003217596475&widgetName=sp_mtf
Certified Refurbished Echo Dot (3rd Gen) - Smart speaker with Alexa - Charcoal Fabric,£35.99,4.7 out of 5 stars,"5,181",https://www.amazon.co.uk//gp/slredirect/picassoRedirect.html/ref=pa_sp_mtf_aps_sr_pg1_1?ie=UTF8&adId=A0976226LZB1JTH4Y9K2&url=%2FAll-new-Echo-Dot-3rd-Gen%2Fdp%2FB07PKXN9HQ%2Fref%3Dsr_1_6_sspa%3Fdchild%3D1%26keywords%3Dalexa%26qid%3D1631704407%26sr%3D8-6-spons%26psc%3D1&qualifier=1631704407&id=7836003217596475&widgetName=sp_mtf
"Echo (4th generation) | With premium sound, smart home hub and Alexa | Charcoal",£89.99,4.7 out of 5 stars,"23,032",https://www.amazon.co.uk//all-new-echo-4th-generation-with-premium-sound-smart-home-hub-and-alexa-charcoal/dp/B085G58KWT/ref=sr_1_7?dchild=1&keywords=alexa&qid=1631704407&qsid=257-4916782-0421462&sr=8-7&sres=B07PJV3JPR%2CB084DWCZXZ%2CB07KD79YVL%2CB085M6F3SJ%2CB085G58KWT%2CB07SMN7FYZ%2CB084TNGZHJ%2CB084P3KP2R%2CB07NQCKJSH%2CB08KGTW3CV%2CB07PKXN9HQ%2CB07PDJ9JFF%2CB08N2YWBYF%2CB08W9JJ37B%2CB08N3P97KL%2CB08N3DBBGT
"Echo Show 8 (1st Gen, 2019 release) – Smart Display with Alexa – Stay in touch with the help of Alexa – Charcoal",£99.99,4.7 out of 5 stars,"77,003",https://www.amazon.co.uk//amazon-echo-show-8-compact-smart-display-with-alexa/dp/B07SMN7FYZ/ref=sr_1_8?dchild=1&keywords=alexa&qid=1631704407&qsid=257-4916782-0421462&sr=8-8&sres=B07PJV3JPR%2CB084DWCZXZ%2CB07KD79YVL%2CB085M6F3SJ%2CB085G58KWT%2CB07SMN7FYZ%2CB084TNGZHJ%2CB084P3KP2R%2CB07NQCKJSH%2CB08KGTW3CV%2CB07PKXN9HQ%2CB07PDJ9JFF%2CB08N2YWBYF%2CB08W9JJ37B%2CB08N3P97KL%2CB08N3DBBGT
"All-new Echo Show 8 | 2nd generation (2021 release), HD smart display with Alexa and 13 MP camera | Glacier White",£119.99,4.7 out of 5 stars,"1,747",https://www.amazon.co.uk//echo-show-8-2nd-generation-2021-release/dp/B084TNGZHJ/ref=sr_1_9?dchild=1&keywords=alexa&qid=1631704407&qsid=257-4916782-0421462&sr=8-9&sres=B07PJV3JPR%2CB084DWCZXZ%2CB07KD79YVL%2CB085M6F3SJ%2CB085G58KWT%2CB07SMN7FYZ%2CB084TNGZHJ%2CB084P3KP2R%2CB07NQCKJSH%2CB08KGTW3CV%2CB07PKXN9HQ%2CB07PDJ9JFF%2CB08N2YWBYF%2CB08W9JJ37B%2CB08N3P97KL%2CB08N3DBBGT
"Echo Show 10 (3rd generation) | HD smart display with motion and Alexa, Charcoal Fabric",£239.99,4.5 out of 5 stars,"1,623",https://www.amazon.co.uk//all-new-echo-show-10-hd-smart-display-with-motion-and-alexa-charcoal/dp/B084P3KP2R/ref=sr_1_10?dchild=1&keywords=alexa&qid=1631704407&qsid=257-4916782-0421462&sr=8-10&sres=B07PJV3JPR%2CB084DWCZXZ%2CB07KD79YVL%2CB085M6F3SJ%2CB085G58KWT%2CB07SMN7FYZ%2CB084TNGZHJ%2CB084P3KP2R%2CB07NQCKJSH%2CB08KGTW3CV%2CB07PKXN9HQ%2CB07PDJ9JFF%2CB08N2YWBYF%2CB08W9JJ37B%2CB08N3P97KL%2CB08N3DBBGT
"Winees Smart Bulb, Alexa Light Bulbs Dimmable Wi-Fi RGBW LED Colour Changing Light Bulbs Work with Alexa & Google Assistant, Remote Control, Voice Control, No Hub Required,4 Pack [Energy Class A+]",£24.19,4.0 out of 5 stars,29,https://www.amazon.co.uk//gp/slredirect/picassoRedirect.html/ref=pa_sp_mtf_aps_sr_pg1_1?ie=UTF8&adId=A10379051RZOBIZUSS6HT&url=%2FDimmable-Changing-Assistant-Control-Required%2Fdp%2FB08VJCD497%2Fref%3Dsr_1_11_sspa%3Fdchild%3D1%26keywords%3Dalexa%26qid%3D1631704407%26sr%3D8-11-spons%26psc%3D1&qualifier=1631704407&id=7836003217596475&widgetName=sp_mtf
Echo Studio | High-fidelity smart speaker with 3D audio and Alexa,£189.99,4.6 out of 5 stars,"10,517",https://www.amazon.co.uk//amazon-echo-studio-high-fidelity-smart-speaker-with-3d-audio-and-alexa/dp/B07NQCKJSH/ref=sr_1_12?dchild=1&keywords=alexa&qid=1631704407&qsid=257-4916782-0421462&sr=8-12&sres=B07PJV3JPR%2CB084DWCZXZ%2CB07KD79YVL%2CB085M6F3SJ%2CB085G58KWT%2CB07SMN7FYZ%2CB084TNGZHJ%2CB084P3KP2R%2CB07NQCKJSH%2CB08KGTW3CV%2CB07PKXN9HQ%2CB07PDJ9JFF%2CB08N2YWBYF%2CB08W9JJ37B%2CB08N3P97KL%2CB08N3DBBGT
"All-new Echo Show 5 | 2nd generation (2021 release), smart display with Alexa and 2 MP camera | Charcoal",£74.99,4.6 out of 5 stars,438,https://www.amazon.co.uk//echo-show-5-2nd-generation-2021-release/dp/B08KGTW3CV/ref=sr_1_13?dchild=1&keywords=alexa&qid=1631704407&qsid=257-4916782-0421462&sr=8-13&sres=B07PJV3JPR%2CB084DWCZXZ%2CB07KD79YVL%2CB085M6F3SJ%2CB085G58KWT%2CB07SMN7FYZ%2CB084TNGZHJ%2CB084P3KP2R%2CB07NQCKJSH%2CB08KGTW3CV%2CB07PKXN9HQ%2CB07PDJ9JFF%2CB08N2YWBYF%2CB08W9JJ37B%2CB08N3P97KL%2CB08N3DBBGT
Certified Refurbished Echo Dot (3rd Gen) - Smart speaker with Alexa - Charcoal Fabric,£35.99,4.7 out of 5 stars,"5,181",https://www.amazon.co.uk//All-new-Echo-Dot-3rd-Gen/dp/B07PKXN9HQ/ref=sr_1_14?dchild=1&keywords=alexa&qid=1631704407&qsid=257-4916782-0421462&sr=8-14&sres=B07PJV3JPR%2CB084DWCZXZ%2CB07KD79YVL%2CB085M6F3SJ%2CB085G58KWT%2CB07SMN7FYZ%2CB084TNGZHJ%2CB084P3KP2R%2CB07NQCKJSH%2CB08KGTW3CV%2CB07PKXN9HQ%2CB07PDJ9JFF%2CB08N2YWBYF%2CB08W9JJ37B%2CB08N3P97KL%2CB08N3DBBGT
Echo Flex – Voice control smart home devices with Alexa,£14.99,4.4 out of 5 stars,"11,241",https://www.amazon.co.uk//amazon-echo-flex-plug-in-smart-speaker-with-alexa/dp/B07PDJ9JFF/ref=sr_1_15?dchild=1&keywords=alexa&qid=1631704407&qsid=257-4916782-0421462&sr=8-15&sres=B07PJV3JPR%2CB084DWCZXZ%2CB07KD79YVL%2CB085M6F3SJ%2CB085G58KWT%2CB07SMN7FYZ%2CB084TNGZHJ%2CB084P3KP2R%2CB07NQCKJSH%2CB08KGTW3CV%2CB07PKXN9HQ%2CB07PDJ9JFF%2CB08N2YWBYF%2CB08W9JJ37B%2CB08N3P97KL%2CB08N3DBBGT
"Winees Pet Camera Dog cameras Indoor security Cam Video Baby Monitor IP WiFi Camera 1080P with 2-Way Audio, Night Vision, Motion Detection, Pan Tilt Zoom, Work with Phone APP, Alexa",£49.99,4.5 out of 5 stars,2,https://www.amazon.co.uk//gp/slredirect/picassoRedirect.html/ref=pa_sp_mtf_aps_sr_pg1_1?ie=UTF8&adId=A0612755UFRWJ9DCIUU7&url=%2FWinees-Security-Monitor-Cameras-Detection%2Fdp%2FB08XVV6XBV%2Fref%3Dsr_1_16_sspa%3Fdchild%3D1%26keywords%3Dalexa%26qid%3D1631704407%26sr%3D8-16-spons%26psc%3D1&qualifier=1631704407&id=7836003217596475&widgetName=sp_mtf
"Echo Studio + TP-Link Tapo smart bulb (E27), Works with Alexa",£199.76,5.0 out of 5 stars,9,https://www.amazon.co.uk//Studio-TP-Link-smart-Works-Alexa/dp/B08N2YWBYF/ref=sr_1_17?dchild=1&keywords=alexa&qid=1631704407&qsid=257-4916782-0421462&sr=8-17&sres=B07PJV3JPR%2CB084DWCZXZ%2CB07KD79YVL%2CB085M6F3SJ%2CB085G58KWT%2CB07SMN7FYZ%2CB084TNGZHJ%2CB084P3KP2R%2CB07NQCKJSH%2CB08KGTW3CV%2CB07PKXN9HQ%2CB07PDJ9JFF%2CB08N2YWBYF%2CB08W9JJ37B%2CB08N3P97KL%2CB08N3DBBGT
"All-new Echo Dot (4th generation) Kids | Designed for children, with parental controls | Tiger",£59.99,4.5 out of 5 stars,107,https://www.amazon.co.uk//echo-dot-kids-4th-generation-tiger/dp/B08W9JJ37B/ref=sr_1_18?dchild=1&keywords=alexa&qid=1631704407&qsid=257-4916782-0421462&sr=8-18&sres=B07PJV3JPR%2CB084DWCZXZ%2CB07KD79YVL%2CB085M6F3SJ%2CB085G58KWT%2CB07SMN7FYZ%2CB084TNGZHJ%2CB084P3KP2R%2CB07NQCKJSH%2CB08KGTW3CV%2CB07PKXN9HQ%2CB07PDJ9JFF%2CB08N2YWBYF%2CB08W9JJ37B%2CB08N3P97KL%2CB08N3DBBGT
"Echo Show 8, Charcoal Fabric + TP-Link Tapo smart bulb (B22), Works with Alexa",£106.98,4.8 out of 5 stars,127,https://www.amazon.co.uk//Charcoal-Fabric-TP-Link-smart-Works/dp/B08N3P97KL/ref=sr_1_19?dchild=1&keywords=alexa&qid=1631704407&qsid=257-4916782-0421462&sr=8-19&sres=B07PJV3JPR%2CB084DWCZXZ%2CB07KD79YVL%2CB085M6F3SJ%2CB085G58KWT%2CB07SMN7FYZ%2CB084TNGZHJ%2CB084P3KP2R%2CB07NQCKJSH%2CB08KGTW3CV%2CB07PKXN9HQ%2CB07PDJ9JFF%2CB08N2YWBYF%2CB08W9JJ37B%2CB08N3P97KL%2CB08N3DBBGT
"All-new Echo Dot (4th generation) with clock, Glacier White + TP-Link Tapo smart bulb (B22), Works with Alexa",£66.98,4.8 out of 5 stars,129,https://www.amazon.co.uk//All-new-generation-clock-Glacier-TP-Link/dp/B08N3DBBGT/ref=sr_1_20?dchild=1&keywords=alexa&qid=1631704407&qsid=257-4916782-0421462&sr=8-20&sres=B07PJV3JPR%2CB084DWCZXZ%2CB07KD79YVL%2CB085M6F3SJ%2CB085G58KWT%2CB07SMN7FYZ%2CB084TNGZHJ%2CB084P3KP2R%2CB07NQCKJSH%2CB08KGTW3CV%2CB07PKXN9HQ%2CB07PDJ9JFF%2CB08N2YWBYF%2CB08W9JJ37B%2CB08N3P97KL%2CB08N3DBBGT
"All-new Echo Show 8 | 2nd generation (2021 release), HD smart display with Alexa and 13 MP camera | Charcoal",£119.99,4.7 out of 5 stars,"1,747",https://www.amazon.co.uk//gp/slredirect/picassoRedirect.html/ref=pa_sp_btf_aps_sr_pg1_1?ie=UTF8&adId=A074468821DHV58TL81BZ&url=%2Fecho-show-8-2nd-generation-2021-release%2Fdp%2FB084TNK1NL%2Fref%3Dsr_1_21_sspa%3Fdchild%3D1%26keywords%3Dalexa%26qid%3D1631704407%26sr%3D8-21-spons%26psc%3D1&qualifier=1631704407&id=7836003217596475&widgetName=sp_btf
Echo Dot (4th generation) | Smart speaker with clock and Alexa | Glacier White,£59.99,4.8 out of 5 stars,"38,499",https://www.amazon.co.uk//gp/slredirect/picassoRedirect.html/ref=pa_sp_btf_aps_sr_pg1_1?ie=UTF8&adId=A0986877YS1M5NYV5DVJ&url=%2Fall-new-echo-dot-4th-generation-smart-speaker-with-clock-and-alexa-glacier-white%2Fdp%2FB084J4R4GY%2Fref%3Dsr_1_22_sspa%3Fdchild%3D1%26keywords%3Dalexa%26qid%3D1631704407%26sr%3D8-22-spons%26psc%3D1&qualifier=1631704407&id=7836003217596475&widgetName=sp_btf
"Voger VP230 Baby Monitor Pet WiFi Camera 1080P Two Way Audio Indoor Security Camera with Motion Detection Night Vision, Compatible with Alexa",£29.99,5.0 out of 5 stars,11,https://www.amazon.co.uk//gp/slredirect/picassoRedirect.html/ref=pa_sp_atf_next_aps_sr_pg2_1?ie=UTF8&adId=A081266619F27JB8OO788&url=%2FMonitor-Camera-Security-Detection-Compatible%2Fdp%2FB09D7C44SJ%2Fref%3Dsr_1_17_sspa%3Fdchild%3D1%26keywords%3Dalexa%26qid%3D1631704409%26sr%3D8-17-spons%26psc%3D1&qualifier=1631704409&id=7335769551229496&widgetName=sp_atf_next
"Imou 2K+ 4MP Security Camera Indoor Home WiFi IP Camera Baby Pet Monitor, Pan/Tilt AI Human/Sound Detection CCTV Camera, 2 Way Audio 30 Feets Night Vision, Alexa&Google Home, EU Local Server & Cloud",£44.99,4.8 out of 5 stars,7,https://www.amazon.co.uk//gp/slredirect/picassoRedirect.html/ref=pa_sp_atf_next_aps_sr_pg2_1?ie=UTF8&adId=A05141022EU6GMSRFRDSB&url=%2FImou-Security-Camera-Monitor-Detection%2Fdp%2FB0953798KS%2Fref%3Dsr_1_18_sspa%3Fdchild%3D1%26keywords%3Dalexa%26qid%3D1631704409%26sr%3D8-18-spons%26psc%3D1&qualifier=1631704409&id=7335769551229496&widgetName=sp_atf_next
"Amazon Echo Spot, Smart Alarm Clock with Alexa - Black",£119.99,4.5 out of 5 stars,"7,910",https://www.amazon.co.uk//Amazon-Echo-Spot-smart-speaker-with-screen-and-Alexa/dp/B01J2BK6CO/ref=sr_1_19?dchild=1&keywords=alexa&qid=1631704409&sr=8-19
"Certified Refurbished Echo Show 5 | Compact smart display with Alexa, Black",£71.99,4.7 out of 5 stars,"2,168",https://www.amazon.co.uk//Certified-Refurbished-Compact-smart-display/dp/B07NJPT8W1/ref=sr_1_20?dchild=1&keywords=alexa&qid=1631704409&sr=8-20
"Echo Studio + TP-Link Tapo smart bulb (B22), Works with Alexa",£196.98,4.5 out of 5 stars,19,https://www.amazon.co.uk//Studio-TP-Link-smart-Works-Alexa/dp/B08N31FKGY/ref=sr_1_21?dchild=1&keywords=alexa&qid=1631704409&sr=8-21
"Echo Show 5, White + Ring Indoor Cam, Works with Alexa",£93.99,4.7 out of 5 stars,121,https://www.amazon.co.uk//Echo-White-Indoor-Works-Alexa/dp/B085JKD3XK/ref=sr_1_22?dchild=1&keywords=alexa&qid=1631704409&sr=8-22
"Smart Watch Fitness Tracker, Smart Alexa Voice Service, Smart Watch for Men with Heart Rate Monitor, 1.69 Full Touch Screen 14 Mode 5ATM Waterproof Sports Watch, Smart Watches for iPhone and Android",£36.99,,Save £2.00,https://www.amazon.co.uk//gp/slredirect/picassoRedirect.html/ref=pa_sp_mtf_aps_sr_pg2_1?ie=UTF8&adId=A08537111I5UMSTBUMO28&url=%2FFitness-Tracker-Service-Monitor-Waterproof%2Fdp%2FB09CMM5QGY%2Fref%3Dsr_1_23_sspa%3Fdchild%3D1%26keywords%3Dalexa%26qid%3D1631704409%26sr%3D8-23-spons%26psc%3D1&qualifier=1631704409&id=7335769551229496&widgetName=sp_mtf
"Echo Show 8, Certified Refurbished, Charcoal fabric | 8"" HD smart display with Alexa",£107.99,4.7 out of 5 stars,493,https://www.amazon.co.uk//Certified-Refurbished-display-Charcoal-fabric/dp/B07SHBW7HG/ref=sr_1_24?dchild=1&keywords=alexa&qid=1631704409&sr=8-24
"Echo Dot (3rd Gen), Charcoal Fabric + LIFX Colour Smart Bulb (B22), Works with Alexa",£49.98,,,https://www.amazon.co.uk//Charcoal-Fabric-Colour-Smart-Works/dp/B09CF64QN5/ref=sr_1_25?dchild=1&keywords=alexa&qid=1631704409&sr=8-25
"Echo Dot (4th generation), Certified Refurbished, Glacier White | Smart speaker with Alexa",£44.99,4.4 out of 5 stars,61,https://www.amazon.co.uk//certified-refurbished-echo-dot-4th-generation-smart-speaker-with-alexa-glacier-white/dp/B084KVD74V/ref=sr_1_26?dchild=1&keywords=alexa&qid=1631704409&sr=8-26
"Echo Studio, Certified Refurbished | High-fidelity smart speaker with 3D audio and Alexa",£170.99,4.5 out of 5 stars,326,https://www.amazon.co.uk//Certified-Refurbished-Echo-Studio/dp/B07NQC9JP7/ref=sr_1_27?dchild=1&keywords=alexa&qid=1631704409&sr=8-27
"Smart WiFi Led Floodlight Outdoor, 24W 2000LM Bluetooth Mesh Flood Light Dimmable Colour Changing RGB + Warm White + Cool White, Waterproof IP66, 2700-6500K, AC 100-240V, Work with Alexa/Google Home",£75.99,4.3 out of 5 stars,59,https://www.amazon.co.uk//gp/slredirect/picassoRedirect.html/ref=pa_sp_mtf_aps_sr_pg2_1?ie=UTF8&adId=A10359692U1V5VO8JP6B8&url=%2FBluetooth-Floodlight-Spotlight-Waterproof-2700-6500K%2Fdp%2FB089M4BKT9%2Fref%3Dsr_1_28_sspa%3Fdchild%3D1%26keywords%3Dalexa%26qid%3D1631704409%26sr%3D8-28-spons%26psc%3D1&qualifier=1631704409&id=7335769551229496&widgetName=sp_mtf
Echo Show (2nd Gen) – Stay in touch with the help of Alexa – Black,£219.99,4.6 out of 5 stars,"5,061",https://www.amazon.co.uk//Amazon-Echo-Show-With-Screen-2nd-Generation-Alexa/dp/B0793G9T6T/ref=sr_1_29?dchild=1&keywords=alexa&qid=1631704409&sr=8-29
"Echo Studio + LIFX White Wi-Fi Smart Bulb LED (B22) (no hub required), Works with Alexa",£204.98,4.9 out of 5 stars,11,https://www.amazon.co.uk//Studio-White-Wi-Fi-Smart-required/dp/B08K89G9W8/ref=sr_1_30?dchild=1&keywords=alexa&qid=1631704409&sr=8-30
Amazon Echo (2nd Gen) - Smart speaker with Alexa - Charcoal Fabric,,4.7 out of 5 stars,"51,167",https://www.amazon.co.uk//Amazon-Echo-2nd-Generation-Smart-Speaker-Alexa/dp/B06Y5ZW72J/ref=sr_1_31?dchild=1&keywords=alexa&qid=1631704409&sr=8-31
Echo Dot (4th generation) - Charcoal with a Fire TV Stick 4K,£99.98,4.6 out of 5 stars,26,https://www.amazon.co.uk//Amazon-Mantis-Brownie-Bundle/dp/B08P4QY4Z3/ref=sr_1_32?dchild=1&keywords=alexa&qid=1631704409&sr=8-32
"WenTop 5m Alexa LED Strip Lights with Remote, Wi-Fi Smart App Control, Music Sync and Color Changing, LED Lights for Bedroom, TV, Home, Works with Google Assistant",£12.99,4.3 out of 5 stars,150,https://www.amazon.co.uk//gp/slredirect/picassoRedirect.html/ref=pa_sp_mtf_aps_sr_pg2_1?ie=UTF8&adId=A00636262DWXWF12B1TY0&url=%2FWenTop-Controlled-Lighting-Decoration-Assistant%2Fdp%2FB07XXRF87X%2Fref%3Dsr_1_33_sspa%3Fdchild%3D1%26keywords%3Dalexa%26qid%3D1631704409%26sr%3D8-33-spons%26psc%3D1&qualifier=1631704409&id=7335769551229496&widgetName=sp_mtf
"Ring Video Doorbell Wired + Plug-In Adapter by Amazon + Echo Dot (3rd Gen) – HD Video, Advanced Motion Detection, Plug-In Power | With 30-day free trial of Ring Protect Plan",£64.00,4.4 out of 5 stars,"2,115",https://www.amazon.co.uk//Ring-Video-Doorbell-Adapter-Amazon/dp/B096BDYL8R/ref=sr_1_34?dchild=1&keywords=alexa&qid=1631704409&sr=8-34
Certified Refurbished Echo Show (2nd Gen) – Premium Sound and a Vibrant 10” HD Screen – Black,£177.99,4.5 out of 5 stars,267,https://www.amazon.co.uk//All-New-Echo-Show-2nd-Gen/dp/B07D7V3JYF/ref=sr_1_35?dchild=1&keywords=alexa&qid=1631704409&sr=8-35
"Echo Dot (4th generation), Charcoal + LIFX Colour Smart Bulb (B22), Works with Alexa",£59.98,5.0 out of 5 stars,2,https://www.amazon.co.uk//generation-Charcoal-Colour-Smart-Works/dp/B09CF84C8V/ref=sr_1_36?dchild=1&keywords=alexa&qid=1631704409&sr=8-36
"Amazon Echo, Black (previous generation)",,4.5 out of 5 stars,"15,735",https://www.amazon.co.uk//Amazon-Echo-Black-Previous-Generation/dp/B01GAGVIE4/ref=sr_1_37?dchild=1&keywords=alexa&qid=1631704409&sr=8-37
"Simshine Alloy 1S Outdoor Security Camera with AI Detection (Person, Animal & Car), Smart Deterrence, 2.4G&5G WiFi, IP65 Weatherproof, 1080P Night Vision, 2-Way Audio, Compatible with Alexa",£79.99,4.2 out of 5 stars,7,https://www.amazon.co.uk//gp/slredirect/picassoRedirect.html/ref=pa_sp_btf_aps_sr_pg2_1?ie=UTF8&adId=A023719721FUWWE04ALHB&url=%2FSecurity-Detection-Deterrence-Weatherproof-Starlight%2Fdp%2FB08DCN1NNQ%2Fref%3Dsr_1_38_sspa%3Fdchild%3D1%26keywords%3Dalexa%26qid%3D1631704409%26sr%3D8-38-spons%26psc%3D1&qualifier=1631704409&id=7335769551229496&widgetName=sp_btf
"MEGACRA UP-S9920 Sound Bar, Bluetooth Soundbar 40 Inch Home Theater System TV Speaker (100 Watt, for 42+"" TV, Wired and Wireless Connection, 3 Audio Mode, 6 Speaker Drivers, Wall Mountable)",£85.99,4.4 out of 5 stars,530,https://www.amazon.co.uk//gp/slredirect/picassoRedirect.html/ref=pa_sp_atf_next_aps_sr_pg3_1?ie=UTF8&adId=A10374091L1JWO649XRNI&url=%2FMEGACRA-UP-S9920-Bluetooth-Connection-Mountable%2Fdp%2FB01MT9QESI%2Fref%3Dsr_1_33_sspa%3Fdchild%3D1%26keywords%3Dalexa%26qid%3D1631704410%26sr%3D8-33-spons%26psc%3D1&qualifier=1631704411&id=4783006428634836&widgetName=sp_atf_next
"LED String Lights, Outdoor Garden Lighting, Smart WiFi APP Control Garden Lights for Patio, Gazebo, Bedroom, Party Decorations, Compatible with Alexa, Google Assistant (5M)",£22.99,5.0 out of 5 stars,5,https://www.amazon.co.uk//gp/slredirect/picassoRedirect.html/ref=pa_sp_atf_next_aps_sr_pg3_1?ie=UTF8&adId=A06551532985Y3M6XOGQK&url=%2FOutdoor-Lighting-Decorations-Compatible-Assistant%2Fdp%2FB08SBY8H91%2Fref%3Dsr_1_34_sspa%3Fdchild%3D1%26keywords%3Dalexa%26qid%3D1631704410%26sr%3D8-34-spons%26psc%3D1&qualifier=1631704411&id=4783006428634836&widgetName=sp_atf_next
"Echo Show, Smart speaker and 7-inch screen with Alexa - Black",,4.4 out of 5 stars,"2,852",https://www.amazon.co.uk//Introducing-Echo-Show-Black-Now-Alexa-Can-Show-You-Things/dp/B01KGEWACK/ref=sr_1_35?dchild=1&keywords=alexa&qid=1631704410&sr=8-35
"All-new Echo Dot (4th generation), Glacier White + TP-Link Tapo smart bulb (B22), Works with Alexa",£56.98,4.7 out of 5 stars,132,https://www.amazon.co.uk//All-new-generation-Glacier-White-TP-Link/dp/B08N329TM7/ref=sr_1_36?dchild=1&keywords=alexa&qid=1631704410&sr=8-36
"All-new Echo Dot (4th generation), Charcoal + TP-Link Tapo smart bulb (B22), Works with Alexa",£56.98,4.7 out of 5 stars,727,https://www.amazon.co.uk//All-new-generation-Charcoal-TP-Link-smart/dp/B08N3VD3CS/ref=sr_1_37?dchild=1&keywords=alexa&qid=1631704410&sr=8-37
"Echo Dot (4th generation), Charcoal + Philips Hue White Smart Bulb Twin Pack LED (B22) | Bluetooth & ZigBee compatible (no hub required)",£68.48,4.8 out of 5 stars,660,https://www.amazon.co.uk//generation-Charcoal-Bluetooth-compatible-required/dp/B08K89S4V3/ref=sr_1_38?dchild=1&keywords=alexa&qid=1631704410&sr=8-38
"1296P CCTV Camera, Security Camera Outdoor, Surveillance Camera, IP Camera with Night Vision, Motion Detection, Two-Way Audio, 360 ° Pan / Tilt, IP66 Waterproof, Alexa Compatible",£39.99,4.4 out of 5 stars,14,https://www.amazon.co.uk//gp/slredirect/picassoRedirect.html/ref=pa_sp_mtf_aps_sr_pg3_1?ie=UTF8&adId=A02019471CTGL3E9NFPI4&url=%2FSecurity-Surveillance-Detection-Waterproof-Compatible-Off-White%2Fdp%2FB0989NR7LQ%2Fref%3Dsr_1_39_sspa%3Fdchild%3D1%26keywords%3Dalexa%26qid%3D1631704410%26sr%3D8-39-spons%26psc%3D1&qualifier=1631704411&id=4783006428634836&widgetName=sp_mtf
"All-new Echo Dot (4th generation), Charcoal + Philips Hue Colour Starter Kit (3x B22 bulbs), Works with Alexa",£179.88,4.8 out of 5 stars,88,https://www.amazon.co.uk//All-new-generation-Charcoal-Philips-Starter/dp/B08N3KJ9G3/ref=sr_1_40?dchild=1&keywords=alexa&qid=1631704410&sr=8-40
Echo Studio + Philips Hue White Smart Bulb Twin Pack LED (B22) | Bluetooth & ZigBee compatible (no hub required),£213.48,4.7 out of 5 stars,24,https://www.amazon.co.uk//Studio-Philips-Bluetooth-compatible-required/dp/B07ZZR6CC8/ref=sr_1_41?dchild=1&keywords=alexa&qid=1631704410&sr=8-41
"Echo Dot (4th generation), Twilight Blue + LIFX Colour Smart Bulb (B22), Works with Alexa",£59.98,,,https://www.amazon.co.uk//generation-Twilight-Colour-Smart-Works/dp/B09CF6HDMS/ref=sr_1_42?dchild=1&keywords=alexa&qid=1631704410&sr=8-42
"Echo Studio + Philips Hue White and Colour Ambience Smart Bulb LED (E27) | Bluetooth & ZigBee compatible (no hub required), Works with Alexa",£234.97,4.3 out of 5 stars,8,https://www.amazon.co.uk//Philips-Ambience-Bluetooth-compatible-required/dp/B08K8BRW2J/ref=sr_1_43?dchild=1&keywords=alexa&qid=1631704410&sr=8-43
"PADMA 24W LED Bathroom Ceiling Light 1920lm, 3000K Warm White Indoor Round Ceiling Lighting ∅40cm Urtra-Thin Ceiling Lamp IP44 for Lounge Kitchen Bedroom",£38.69,4.6 out of 5 stars,768,https://www.amazon.co.uk//gp/slredirect/picassoRedirect.html/ref=pa_sp_mtf_aps_sr_pg3_1?ie=UTF8&adId=A06275541A38Q7XX51ABC&url=%2FPADMA-Fittings-Ultra-Thin-Bathroom-Fixtures%2Fdp%2FB07TT5YYKW%2Fref%3Dsr_1_44_sspa%3Fdchild%3D1%26keywords%3Dalexa%26qid%3D1631704410%26sr%3D8-44-spons%26psc%3D1&qualifier=1631704411&id=4783006428634836&widgetName=sp_mtf
"Echo Show 8, Charcoal fabric + LIFX White Wi-Fi Smart Bulb LED (E27) (no hub required), Works with Alexa",£114.98,4.7 out of 5 stars,27,https://www.amazon.co.uk//Charcoal-fabric-White-Wi-Fi-required/dp/B08K89G748/ref=sr_1_45?dchild=1&keywords=alexa&qid=1631704410&sr=8-45
"Echo Show 8, Sandstone Fabric + Philips Hue White Smart Bulb Twin Pack LED (E27) | Bluetooth & ZigBee compatible (no hub required)",£118.48,4.9 out of 5 stars,81,https://www.amazon.co.uk//Sandstone-Philips-Bluetooth-compatible-required/dp/B07ZZR6NPD/ref=sr_1_46?dchild=1&keywords=alexa&qid=1631704410&sr=8-46
"Echo Show 8, Sandstone fabric + LIFX White Wi-Fi Smart Bulb LED (B22) (no hub required), Works with Alexa",£114.98,4.7 out of 5 stars,36,https://www.amazon.co.uk//Sandstone-fabric-White-Wi-Fi-required/dp/B08K893M7C/ref=sr_1_47?dchild=1&keywords=alexa&qid=1631704410&sr=8-47
"Echo Show 8, Charcoal Fabric + Philips Hue White & Colour Ambiance Smart Bulb Twin Pack LED (B22) | Bluetooth & ZigBee compatible (no hub required)",£148.01,4.7 out of 5 stars,48,https://www.amazon.co.uk//Charcoal-Ambiance-Bluetooth-compatible-required/dp/B07ZZR5Y84/ref=sr_1_48?dchild=1&keywords=alexa&qid=1631704410&sr=8-48
"Security Camera Outdoor, Septekon 1080P CCTV Camera Wireless WiFi , Waterproof Home Surveillance Camera with 2-Way Audio, Night Vision, Motion Detection, Cloud Storage, Compatible with Alexa, 2 Pack",£69.00,4.5 out of 5 stars,147,https://www.amazon.co.uk//gp/slredirect/picassoRedirect.html/ref=pa_sp_mtf_aps_sr_pg3_1?ie=UTF8&adId=A03391901EY7MJGJQ0V6J&url=%2FSeptekon-Waterproof-Surveillance-Detection-Compatible%2Fdp%2FB08X6GX7B3%2Fref%3Dsr_1_49_sspa%3Fdchild%3D1%26keywords%3Dalexa%26qid%3D1631704410%26sr%3D8-49-spons%26psc%3D1&qualifier=1631704411&id=4783006428634836&widgetName=sp_mtf
"Echo Show 8, Charcoal Fabric + TP-Link Tapo smart bulb (E27), Works with Alexa",£109.76,4.8 out of 5 stars,64,https://www.amazon.co.uk//Charcoal-Fabric-TP-Link-smart-Works/dp/B08N2YXLH7/ref=sr_1_50?dchild=1&keywords=alexa&qid=1631704410&sr=8-50
Certified Refurbished Echo Dot (4th generation) | Smart speaker with clock and Alexa | Glacier White,£53.99,,Climate Pledge Friendly,https://www.amazon.co.uk//certified-refurbished-echo-dot-4th-generation-smart-speaker-with-clock-and-alexa-glacier-white/dp/B084KXYJK5/ref=sr_1_51?dchild=1&keywords=alexa&qid=1631704410&sr=8-51
"All-new Echo Show 5 | 2nd generation (2021 release), Glacier White + LIFX Colour Smart Bulb (B22), Works with Alexa",£84.98,,,https://www.amazon.co.uk//All-new-generation-release-Glacier-Colour/dp/B09CF9P49B/ref=sr_1_52?dchild=1&keywords=alexa&qid=1631704410&sr=8-52
"All-new Echo Dot (4th generation) with clock, Twilight Blue + TP-Link Tapo smart bulb (E27), Works with Alexa",£69.76,4.5 out of 5 stars,45,https://www.amazon.co.uk//All-new-generation-clock-Twilight-TP-Link/dp/B08N3F8R8C/ref=sr_1_53?dchild=1&keywords=alexa&qid=1631704410&sr=8-53
"Imou WiFi Security Camera Indoor 1080P, 360° Wireless CCTV IP Camera, Smart Home Surveillance Dome Camera Baby Pet Monitor, Auto Motion Tracking,Night Vision,2-Way Audio, Privacy Mode, Alexa Camera",£43.34,4.3 out of 5 stars,46,https://www.amazon.co.uk//gp/slredirect/picassoRedirect.html/ref=pa_sp_btf_aps_sr_pg3_1?ie=UTF8&adId=A04164961XOPFVFIPNDPH&url=%2FImou-Security-Advanced-Surveillance-Tracking%2Fdp%2FB07PV5LLLD%2Fref%3Dsr_1_54_sspa%3Fdchild%3D1%26keywords%3Dalexa%26qid%3D1631704410%26sr%3D8-54-spons%26psc%3D1&qualifier=1631704411&id=4783006428634836&widgetName=sp_btf
"RGBW Led Decking Lights 12V Waterproof IP67 Ø45MM - Bluetooth Mesh Led Plinth Light Kits for Terrace/Patio/Path/Wall/Garden/Decoration, 20 Packs",£165.99,4.6 out of 5 stars,96,https://www.amazon.co.uk//gp/slredirect/picassoRedirect.html/ref=pa_sp_atf_next_aps_sr_pg4_1?ie=UTF8&adId=A07730811O0L1JZ5284VY&url=%2FRGBW-Decking-Lights-Waterproof-%25C3%259845MM%2Fdp%2FB0837R231G%2Fref%3Dsr_1_49_sspa%3Fdchild%3D1%26keywords%3Dalexa%26qid%3D1631704412%26sr%3D8-49-spons%26psc%3D1&qualifier=1631704412&id=8616919812086007&widgetName=sp_atf_next
"Alexa LED Strip Lights with Remote 15m/50ft, TOPTSOFI Smart APP Control RGB LED Strip Lights Colour Changing Music Sync LED Lights for Bedroom Kids Room Party Decoration, Work with Alexa Google Home",£31.99,4.5 out of 5 stars,95,https://www.amazon.co.uk//gp/slredirect/picassoRedirect.html/ref=pa_sp_atf_next_aps_sr_pg4_1?ie=UTF8&adId=A06604502M7QAR0M1SCFG&url=%2FTOPTSOFI-Control-Changing-Bedroom-Decoration%2Fdp%2FB08P5MXTH8%2Fref%3Dsr_1_50_sspa%3Fdchild%3D1%26keywords%3Dalexa%26qid%3D1631704412%26sr%3D8-50-spons%26psc%3D1&qualifier=1631704412&id=8616919812086007&widgetName=sp_atf_next
"Echo Show 8, Sandstone Fabric + TP-Link Tapo smart bulb (E27), Works with Alexa",£109.76,4.7 out of 5 stars,71,https://www.amazon.co.uk//Sandstone-Fabric-TP-Link-smart-Works/dp/B08N31JJB2/ref=sr_1_51?dchild=1&keywords=alexa&qid=1631704412&sr=8-51
"All-new Echo Dot (4th generation) with clock, Twilight Blue + Philips Hue Colour Starter Kit (3x B22 bulbs), Works with Alexa",£189.88,4.9 out of 5 stars,26,https://www.amazon.co.uk//All-new-generation-Twilight-Philips-Starter/dp/B08N32JPYW/ref=sr_1_52?dchild=1&keywords=alexa&qid=1631704412&sr=8-52
"All-new Echo Dot (4th generation), Glacier White + Philips Hue Colour Starter Kit (3x B22 bulbs), Works with Alexa",£179.88,4.7 out of 5 stars,18,https://www.amazon.co.uk//All-new-generation-Glacier-Philips-Starter/dp/B08N31C75R/ref=sr_1_53?dchild=1&keywords=alexa&qid=1631704412&sr=8-53
"Certified Refurbished Echo (4th generation) | With premium sound, smart home hub and Alexa | Twilight Blue",£80.99,,Climate Pledge Friendly,https://www.amazon.co.uk//certified-refurbished-echo-4th-generation-with-premium-sound-smart-home-hub-and-alexa-twilight-blue/dp/B085PLG1YD/ref=sr_1_54?dchild=1&keywords=alexa&qid=1631704412&sr=8-54
"FREECUBE LED Smart String Lights 16Million Color and Dimmable, Music Sync Works with Alexa, Google Home App Control, Remote Control, RGB Colour Changing for TV, Computer, Bedroom",£15.99,4.5 out of 5 stars,83,https://www.amazon.co.uk//gp/slredirect/picassoRedirect.html/ref=pa_sp_mtf_aps_sr_pg4_1?ie=UTF8&adId=A02958403EMVGUJ2FWV4V&url=%2FFREECUBE-16Million-Dimmable-Changing-Computer%2Fdp%2FB0925WR3S3%2Fref%3Dsr_1_55_sspa%3Fdchild%3D1%26keywords%3Dalexa%26qid%3D1631704412%26sr%3D8-55-spons%26psc%3D1&qualifier=1631704412&id=8616919812086007&widgetName=sp_mtf
"Echo Dot (3rd Gen), Charcoal Fabric + Philips Hue White and Colour Ambiance B22 Starter Kit",£169.88,4.9 out of 5 stars,16,https://www.amazon.co.uk//Charcoal-Fabric-Philips-Ambiance-Starter/dp/B07VHKNZJ7/ref=sr_1_56?dchild=1&keywords=alexa&qid=1631704412&sr=8-56
"Echo Dot (3rd Gen), Charcoal Fabric + Philips Hue White Smart Bulb Twin Pack LED (B22) | Bluetooth & ZigBee compatible (no hub required)",£58.48,4.8 out of 5 stars,"1,885",https://www.amazon.co.uk//Charcoal-Philips-Bluetooth-compatible-required/dp/B07ZZRFSLH/ref=sr_1_57?dchild=1&keywords=alexa&qid=1631704412&sr=8-57
"Echo Studio + Philips Hue White and Colour Ambience Smart Bulb LED (B22) | Bluetooth & ZigBee compatible (no hub required), Works with Alexa",£236.45,4.3 out of 5 stars,12,https://www.amazon.co.uk//Philips-Ambience-Bluetooth-compatible-required/dp/B08K8BC6DQ/ref=sr_1_58?dchild=1&keywords=alexa&qid=1631704412&sr=8-58
"Echo Show 8, Sandstone Fabric + Philips Hue White & Colour Ambiance Smart Bulb Twin Pack LED (B22) | Bluetooth & ZigBee compatible (no hub required)",£148.01,4.7 out of 5 stars,22,https://www.amazon.co.uk//Sandstone-Ambiance-Bluetooth-compatible-required/dp/B07ZZQT35Y/ref=sr_1_59?dchild=1&keywords=alexa&qid=1631704412&sr=8-59
"BOOMPODS AQUABLASTER Waterproof Bluetooth Speaker - Portable & Wireless with Amazon Alexa - Awesome Listening in Shower, Pool or the Beach with 5-hours of Active",£24.99,3.9 out of 5 stars,672,https://www.amazon.co.uk//gp/slredirect/picassoRedirect.html/ref=pa_sp_mtf_aps_sr_pg4_1?ie=UTF8&adId=A085601235DNDV5EQB6NO&url=%2FBOOMPODS-AQUABLASTER-Waterproof-Bluetooth-Speaker%2Fdp%2FB08955R7LR%2Fref%3Dsr_1_60_sspa%3Fdchild%3D1%26keywords%3Dalexa%26qid%3D1631704412%26sr%3D8-60-spons%26psc%3D1%26smid%3DA2GPCQEYT0PWY&qualifier=1631704412&id=8616919812086007&widgetName=sp_mtf
"Echo Show 8, Sandstone Fabric + TP-Link Tapo smart bulb (B22), Works with Alexa",£106.98,4.7 out of 5 stars,76,https://www.amazon.co.uk//Sandstone-Fabric-TP-Link-smart-Works/dp/B08N2YWBYH/ref=sr_1_61?dchild=1&keywords=alexa&qid=1631704412&sr=8-61
"Echo Studio + LIFX White Wi-Fi Smart Bulb LED (E27) (no hub required), Works with Alexa",£204.98,4.2 out of 5 stars,5,https://www.amazon.co.uk//Studio-White-Wi-Fi-Smart-required/dp/B08K89QNCB/ref=sr_1_62?dchild=1&keywords=alexa&qid=1631704412&sr=8-62
"Echo Show 8, Sandstone Fabric + Philips Hue White & Colour Ambiance Smart Bulb Twin Pack LED (E27) | Bluetooth & ZigBee compatible (no hub required)",£159.98,4.8 out of 5 stars,9,https://www.amazon.co.uk//Sandstone-Ambiance-Bluetooth-compatible-required/dp/B07ZZR211Y/ref=sr_1_63?dchild=1&keywords=alexa&qid=1631704412&sr=8-63
"Echo Show 8, Charcoal Fabric + Philips Hue White Smart Bulb Twin Pack LED (B22) | Bluetooth & ZigBee compatible (no hub required)",£118.48,4.8 out of 5 stars,351,https://www.amazon.co.uk//Charcoal-Philips-Bluetooth-compatible-required/dp/B07ZZR8W7D/ref=sr_1_64?dchild=1&keywords=alexa&qid=1631704412&sr=8-64
"Home Galaxy Bundle: Galaxy Projector & 3m TV LED Strip Light. Galaxy Projector Ocean Wave/ Music Speaker/ Smart WiFi( Google Home, Alexa APP), for Home Party/ Relaxation/ Kids Room/Game Room",£39.99,5.0 out of 5 stars,2,https://www.amazon.co.uk//gp/slredirect/picassoRedirect.html/ref=pa_sp_mtf_aps_sr_pg4_1?ie=UTF8&adId=A085754232EF0NN5JP0JL&url=%2FHome-Galaxy-Bundle-Galaxy-Projector-Home-Party%2Fdp%2FB0921BN3LX%2Fref%3Dsr_1_65_sspa%3Fdchild%3D1%26keywords%3Dalexa%26qid%3D1631704412%26sr%3D8-65-spons%26psc%3D1&qualifier=1631704412&id=8616919812086007&widgetName=sp_mtf
"All-new Echo Dot (4th generation), Twilight Blue + Philips Hue Colour Starter Kit (3x B22 bulbs), Works with Alexa",£179.88,4.3 out of 5 stars,11,https://www.amazon.co.uk//All-new-generation-Twilight-Philips-Starter/dp/B08N31K9FM/ref=sr_1_66?dchild=1&keywords=alexa&qid=1631704412&sr=8-66
"All-new Echo Dot (4th generation) with clock, Glacier White + Philips Hue Colour Starter Kit (3x B22 bulbs), Works with Alexa",£189.88,4.9 out of 5 stars,15,https://www.amazon.co.uk//All-new-generation-Glacier-Philips-Starter/dp/B08N32XQM1/ref=sr_1_67?dchild=1&keywords=alexa&qid=1631704412&sr=8-67
"All-new Echo Show 5 | 2nd generation (2021 release), Charcoal + LIFX Colour Smart Bulb (B22), Works with Alexa",£84.98,,,https://www.amazon.co.uk//All-new-generation-release-Charcoal-Colour/dp/B09CF83LVF/ref=sr_1_68?dchild=1&keywords=alexa&qid=1631704412&sr=8-68
"All-new Echo Dot (4th generation) with clock, Glacier White + TP-Link Tapo smart bulb (E27), Works with Alexa",£69.76,4.6 out of 5 stars,25,https://www.amazon.co.uk//All-new-generation-clock-Glacier-TP-Link/dp/B08N31K9F5/ref=sr_1_69?dchild=1&keywords=alexa&qid=1631704412&sr=8-69
"Smart WiFi LED Floor Lamp 24W 2000LM, LED Standing Lamp Dimmable RGB + Warm White + Cool White for Living Room, Bedroom, Led Floor Light, Compatible with Amazon Alexa/Google Home",£59.99,4.3 out of 5 stars,59,https://www.amazon.co.uk//gp/slredirect/picassoRedirect.html/ref=pa_sp_btf_aps_sr_pg4_1?ie=UTF8&adId=A00233521ND21ABIE2D9J&url=%2F2000LM-Standing-Dimmable-Bedroom-Compatible%2Fdp%2FB08RBXN3PM%2Fref%3Dsr_1_70_sspa%3Fdchild%3D1%26keywords%3Dalexa%26qid%3D1631704412%26sr%3D8-70-spons%26psc%3D1&qualifier=1631704412&id=8616919812086007&widgetName=sp_btf
"TOUCAN Wireless Outdoor Camera with Rechargeable Battery, Free Cloud Storage, Add 1 User, 1080P FHD with PIR Motion Sensor, Night Vision, Siren Alarm, Works with Google & Alexa (2 Cameras)",£149.95,3.7 out of 5 stars,35,https://www.amazon.co.uk//gp/slredirect/picassoRedirect.html/ref=pa_sp_atf_next_aps_sr_pg5_1?ie=UTF8&adId=A0047836Q7PNJHDXI2E5&url=%2FTOUCAN-Wireless-Outdoor-Rechargeable-Battery%2Fdp%2FB08FT74RWT%2Fref%3Dsr_1_65_sspa%3Fdchild%3D1%26keywords%3Dalexa%26qid%3D1631704413%26sr%3D8-65-spons%26psc%3D1&qualifier=1631704413&id=7192033332386528&widgetName=sp_atf_next
BOOMPODS ROKPOD Portable Bluetooth Speakers - Waterproof & Wireless Speaker With Shower Hook,£11.99,4.1 out of 5 stars,213,https://www.amazon.co.uk//gp/slredirect/picassoRedirect.html/ref=pa_sp_atf_next_aps_sr_pg5_1?ie=UTF8&adId=A05602923QWSY6U5T88OK&url=%2FBOOMPODS-ROKPOD-Portable-Bluetooth-Speakers%2Fdp%2FB08NB8Q37J%2Fref%3Dsr_1_66_sspa%3Fdchild%3D1%26keywords%3Dalexa%26qid%3D1631704413%26sr%3D8-66-spons%26psc%3D1&qualifier=1631704413&id=7192033332386528&widgetName=sp_atf_next
"Echo Dot (4th generation), Charcoal + LIFX Colour Smart Bulb (E27), Works with Alexa",£53.99,,,https://www.amazon.co.uk//generation-Charcoal-Colour-Smart-Works/dp/B09CF9KCQF/ref=sr_1_67?dchild=1&keywords=alexa&qid=1631704413&sr=8-67
Certified Refurbished Echo Dot (4th generation) | Smart speaker with clock and Alexa | Twilight Blue,£53.99,,Climate Pledge Friendly,https://www.amazon.co.uk//certified-refurbished-echo-dot-4th-generation-smart-speaker-with-clock-and-alexa-twilight-blue/dp/B085M6RZDX/ref=sr_1_68?dchild=1&keywords=alexa&qid=1631704413&sr=8-68
"Echo Dot (3rd Gen), Charcoal Fabric + LIFX Colour Smart Bulb (E27), Works with Alexa",£43.99,,,https://www.amazon.co.uk//Charcoal-Fabric-Colour-Smart-Works/dp/B09CF2R6SX/ref=sr_1_69?dchild=1&keywords=alexa&qid=1631704413&sr=8-69
"Echo Dot (4th generation), Charcoal + Philips Hue White Smart Bulb Twin Pack LED (E27) | Bluetooth & ZigBee compatible (no hub required)",£68.48,4.7 out of 5 stars,121,https://www.amazon.co.uk//generation-Charcoal-Bluetooth-compatible-required/dp/B08K8879FP/ref=sr_1_70?dchild=1&keywords=alexa&qid=1631704413&sr=8-70
"Echo Dot (3rd Gen), Charcoal Fabric + Blink Mini Camera, Works with Alexa",£74.98,4.8 out of 5 stars,69,https://www.amazon.co.uk//Charcoal-Fabric-Blink-Camera-Works/dp/B08HFSK733/ref=sr_1_71?dchild=1&keywords=alexa&qid=1631704413&sr=8-71
"All-new Echo Dot (4th generation) with clock, Twilight Blue + TP-Link Tapo smart bulb (B22), Works with Alexa",£66.98,4.7 out of 5 stars,187,https://www.amazon.co.uk//All-new-generation-clock-Twilight-TP-Link/dp/B08N3T4XTN/ref=sr_1_72?dchild=1&keywords=alexa&qid=1631704413&sr=8-72
"All-new Echo Dot (4th generation), Twilight Blue + TP-Link Tapo smart bulb (B22), Works with Alexa",£56.98,4.8 out of 5 stars,246,https://www.amazon.co.uk//All-new-generation-Twilight-TP-Link-smart/dp/B08N2TTPJ9/ref=sr_1_73?dchild=1&keywords=alexa&qid=1631704413&sr=8-73
"Echo Dot (4th generation), Glacier White + LIFX Colour Smart Bulb (B22), Works with Alexa",£59.98,,,https://www.amazon.co.uk//generation-Glacier-White-Colour-Smart/dp/B09CF7YH49/ref=sr_1_74?dchild=1&keywords=alexa&qid=1631704413&sr=8-74
"Toucan Security Camera Outdoor wireless, Wifi camera 2.4 GHZ, CCTV camera wireless outdoor camera, 1080P Full HD, Weatherproof, Wireless Security Camera, Night Vision, Siren Alarm, Works with Alexa",£74.95,4.0 out of 5 stars,47,https://www.amazon.co.uk//gp/slredirect/picassoRedirect.html/ref=pa_sp_mtf_aps_sr_pg5_1?ie=UTF8&adId=A0047992H87M810FLUVF&url=%2FSecurity-Outdoor-wireless-Weatherproof-Wireless%2Fdp%2FB08QXFTGW6%2Fref%3Dsr_1_75_sspa%3Fdchild%3D1%26keywords%3Dalexa%26qid%3D1631704413%26sr%3D8-75-spons%26psc%3D1&qualifier=1631704413&id=7192033332386528&widgetName=sp_mtf
"Echo Dot (3rd Gen), Charcoal Fabric + Philips Hue White Smart Bulb Twin Pack LED (E27) | Bluetooth & ZigBee compatible (no hub required)",£58.48,4.8 out of 5 stars,720,https://www.amazon.co.uk//Charcoal-Philips-Bluetooth-compatible-required/dp/B07ZZRGJ7H/ref=sr_1_76?dchild=1&keywords=alexa&qid=1631704413&sr=8-76
"Echo Dot (4th generation), Glacier White + Philips Hue White Smart Bulb Twin Pack LED (B22) | Bluetooth & ZigBee compatible (no hub required)",£68.48,4.7 out of 5 stars,118,https://www.amazon.co.uk//All-new-generation-Bluetooth-compatible-required/dp/B08K8BYJYC/ref=sr_1_77?dchild=1&keywords=alexa&qid=1631704413&sr=8-77
"Echo Show 5, White + TP-Link Tapo smart bulb (B22), Works with Alexa",£51.98,4.7 out of 5 stars,124,https://www.amazon.co.uk//White-TP-Link-smart-Works-Alexa/dp/B08N32MTT9/ref=sr_1_78?dchild=1&keywords=alexa&qid=1631704413&sr=8-78
"Certified Refurbished Echo (4th generation) | With premium sound, smart home hub and Alexa | Glacier White",£80.99,,Climate Pledge Friendly,https://www.amazon.co.uk//certified-refurbished-echo-4th-generation-with-premium-sound-smart-home-hub-and-alexa-glacier-white/dp/B085PQCF62/ref=sr_1_79?dchild=1&keywords=alexa&qid=1631704413&sr=8-79
"STASUN LED Uplighter Floor Lamp, RGB Torchiere WiFi Lamp, Dimmable Colour Changing Standing Lamp for Living Rooms, Bedrooms, Office, Compatible with Alexa & Google Home, Black",£75.99,4.1 out of 5 stars,20,https://www.amazon.co.uk//gp/slredirect/picassoRedirect.html/ref=pa_sp_mtf_aps_sr_pg5_1?ie=UTF8&adId=A0968479PBA8SQ2AKEW1&url=%2FSTASUN-Uplighter-Torchiere-Dimmable-Compatible%2Fdp%2FB0922HHWL4%2Fref%3Dsr_1_80_sspa%3Fdchild%3D1%26keywords%3Dalexa%26qid%3D1631704413%26sr%3D8-80-spons%26psc%3D1&qualifier=1631704413&id=7192033332386528&widgetName=sp_mtf
"Echo Show 8, Sandstone fabric + LIFX White Wi-Fi Smart Bulb LED (E27) (no hub required), Works with Alexa",£114.98,4.7 out of 5 stars,23,https://www.amazon.co.uk//Sandstone-fabric-White-Wi-Fi-required/dp/B08K8B5K31/ref=sr_1_81?dchild=1&keywords=alexa&qid=1631704413&sr=8-81
"All-new Echo Dot (4th generation), Charcoal + TP-Link Tapo smart bulb (E27), Works with Alexa",£59.76,4.8 out of 5 stars,193,https://www.amazon.co.uk//All-new-generation-Charcoal-TP-Link-smart/dp/B08N3D7S3G/ref=sr_1_82?dchild=1&keywords=alexa&qid=1631704413&sr=8-82
"Ring Video Doorbell by Amazon + Echo Dot (3rd Gen) – 1080p HD video, Advanced Motion Detection, and easy installation (2nd Gen) | With 30-day free trial of Ring Protect Plan",£94.00,4.6 out of 5 stars,"31,956",https://www.amazon.co.uk//Ring-Video-Doorbell-Amazon-Echo/dp/B09C6ZGVGV/ref=sr_1_83?dchild=1&keywords=alexa&qid=1631704413&sr=8-83
"Echo Dot (3rd Gen), Charcoal Fabric + Philips Hue White & Colour Ambiance Smart Bulb Twin Pack LED (E27) | Bluetooth & ZigBee compatible (no hub required)",£99.98,4.8 out of 5 stars,93,https://www.amazon.co.uk//Charcoal-Ambiance-Bluetooth-compatible-required/dp/B07ZZRPSDC/ref=sr_1_84?dchild=1&keywords=alexa&qid=1631704413&sr=8-84
"Netvue Mini Indoor Security Camera, Wi-Fi Camera, Baby Monitor with Camera, Pet Camera 1080P FHD, Motion Detection, Two-Way Audio, Night Vision, Compatible with Alexa, White",£28.03,4.3 out of 5 stars,706,https://www.amazon.co.uk//gp/slredirect/picassoRedirect.html/ref=pa_sp_btf_aps_sr_pg5_1?ie=UTF8&adId=A04547623TQ0PBRM20G14&url=%2FNETVUE-Security-Monitor-Detection-Compatible-Tiny-White%2Fdp%2FB08BYNGZ31%2Fref%3Dsr_1_85_sspa%3Fdchild%3D1%26keywords%3Dalexa%26qid%3D1631704413%26sr%3D8-85-spons%26psc%3D1%26smid%3DA9I3FXJZQ9ZD8&qualifier=1631704413&id=7192033332386528&widgetName=sp_btf
BOOMPODS AQUABLASTER - Waterproof Bluetooth Portable Wireless Speaker with Amazon Alexa - Hi-Quality Sound - Awesome Listening in Shower at the Pool or the Beach with over 5-hours of Active Playtime,£34.99,3.9 out of 5 stars,672,https://www.amazon.co.uk//gp/slredirect/picassoRedirect.html/ref=pa_sp_btf_aps_sr_pg5_1?ie=UTF8&adId=A08554883M59CKGZ3AYSF&url=%2FBoompods-Aquablaster-Bluetooth-Wireless-Speaker%2Fdp%2FB07HYPGG45%2Fref%3Dsr_1_86_sspa%3Fdchild%3D1%26keywords%3Dalexa%26qid%3D1631704413%26sr%3D8-86-spons%26psc%3D1&qualifier=1631704413&id=7192033332386528&widgetName=sp_btf
"G9 LED Light Bulb 2W Warm White 3000K Equivalent to 20W 25W Halogen Bulbs, Pin Base G9, AC220-240V, 360°Beam Angle, Non Dimmable,10 Pack - Yuiip",£14.98,4.7 out of 5 stars,881,https://www.amazon.co.uk//gp/slredirect/picassoRedirect.html/ref=pa_sp_atf_next_aps_sr_pg6_1?ie=UTF8&adId=A09294051YPSAU1Y97G5F&url=%2FEquivalent-Halogen-AC220-240V-360%25C2%25B0Beam-Dimmable%2Fdp%2FB07FFQL7F3%2Fref%3Dsr_1_81_sspa%3Fdchild%3D1%26keywords%3Dalexa%26qid%3D1631704414%26sr%3D8-81-spons%26psc%3D1&qualifier=1631704414&id=6994501431996291&widgetName=sp_atf_next
"NETVUE Outdoor Security Camera, 2K Ultra HD CCTV Camera, Security Camera Outdoor Wireless, WiFi Camera, 65ft IR Night Vision, 2-Way Audio Compatible with Alexa, Smart Motion Detection/Motion Alarm",£56.99,5.0 out of 5 stars,2,https://www.amazon.co.uk//gp/slredirect/picassoRedirect.html/ref=pa_sp_atf_next_aps_sr_pg6_1?ie=UTF8&adId=A09605472HHPFXYI5BWHH&url=%2FNETVUE-Security-Wireless-Compatible-Detection-White%2Fdp%2FB09C636VN6%2Fref%3Dsr_1_82_sspa%3Fdchild%3D1%26keywords%3Dalexa%26qid%3D1631704414%26sr%3D8-82-spons%26psc%3D1&qualifier=1631704414&id=6994501431996291&widgetName=sp_atf_next
"Echo Dot (4th generation), Twilight Blue + LIFX Colour Smart Bulb (E27), Works with Alexa",£53.99,,,https://www.amazon.co.uk//generation-Twilight-Colour-Smart-Works/dp/B09CF7NS8L/ref=sr_1_83?dchild=1&keywords=alexa&qid=1631704414&sr=8-83
"Echo Dot (4th generation), Twilight Blue + Philips Hue White Smart Bulb Twin Pack LED (E27) | Bluetooth & ZigBee compatible (no hub required)",£68.48,4.4 out of 5 stars,37,https://www.amazon.co.uk//generation-Twilight-Bluetooth-compatible-required/dp/B08K8BPBWD/ref=sr_1_84?dchild=1&keywords=alexa&qid=1631704414&sr=8-84
"All-new Echo Show 5 | 2nd generation (2021 release), Deep Sea Blue + LIFX Colour Smart Bulb (B22), Works with Alexa",£84.98,,,https://www.amazon.co.uk//All-new-generation-release-Colour-Smart/dp/B09CF9NYT6/ref=sr_1_85?dchild=1&keywords=alexa&qid=1631704414&sr=8-85
"Echo Dot (3rd Gen), Charcoal Fabric + Philips Hue White & Colour Ambiance Smart Bulb Twin Pack LED (B22) | Bluetooth & ZigBee compatible (no hub required)",£88.01,4.7 out of 5 stars,306,https://www.amazon.co.uk//Charcoal-Ambiance-Bluetooth-compatible-required/dp/B07ZZRCVFR/ref=sr_1_86?dchild=1&keywords=alexa&qid=1631704414&sr=8-86
"Echo Show 5, White + Philips Hue White & Colour Ambiance Smart Bulb Twin Pack LED (B22) | Bluetooth & ZigBee compatible (no hub required)",£93.01,4.5 out of 5 stars,20,https://www.amazon.co.uk//Philips-Ambiance-Bluetooth-compatible-required/dp/B07ZZQNBWY/ref=sr_1_87?dchild=1&keywords=alexa&qid=1631704414&sr=8-87
"Echo Dot (3rd Gen), Charcoal Fabric + Philips Hue White and Colour Ambience Smart Bulb LED (E27) | Bluetooth & ZigBee compatible (no hub required), Works with Alexa",£84.97,4.9 out of 5 stars,10,https://www.amazon.co.uk//Charcoal-Ambience-Bluetooth-compatible-required/dp/B07ZZR6NNT/ref=sr_1_88?dchild=1&keywords=alexa&qid=1631704414&sr=8-88
"Echo Dot (4th generation), Twilight Blue + Philips Hue White Smart Bulb Twin Pack LED (B22) | Bluetooth & ZigBee compatible (no hub required)",£68.48,4.8 out of 5 stars,184,https://www.amazon.co.uk//generation-Twilight-Bluetooth-compatible-required/dp/B08K89KG6S/ref=sr_1_89?dchild=1&keywords=alexa&qid=1631704414&sr=8-89
"Echo Show 8, Charcoal fabric + LIFX White Wi-Fi Smart Bulb LED (B22) (no hub required), Works with Alexa",£114.98,4.7 out of 5 stars,52,https://www.amazon.co.uk//Charcoal-fabric-White-Wi-Fi-required/dp/B08K8891JZ/ref=sr_1_90?dchild=1&keywords=alexa&qid=1631704414&sr=8-90
"ZigBee Smart WiFi Light Bulb Socket, AICase Upgraded [2 Pack] E26/E27 Light Bulb Adapter Lamp Holder with Voice Control/APP Control Works with Alexa, Amazon Echo Plus 1/2/3/Studio/Echo Show 10",£29.99,3.4 out of 5 stars,92,https://www.amazon.co.uk//gp/slredirect/picassoRedirect.html/ref=pa_sp_mtf_aps_sr_pg6_1?ie=UTF8&adId=A05779911EP8BHHCIC06T&url=%2FZigBee-AICase-Upgraded-Adapter-Control%2Fdp%2FB094JC9HSG%2Fref%3Dsr_1_91_sspa%3Fdchild%3D1%26keywords%3Dalexa%26qid%3D1631704414%26sr%3D8-91-spons%26psc%3D1&qualifier=1631704414&id=6994501431996291&widgetName=sp_mtf
"Echo Show 8, Sandstone Fabric + Philips Hue White Smart Bulb Twin Pack LED (B22) | Bluetooth & ZigBee compatible (no hub required)",£118.48,4.8 out of 5 stars,238,https://www.amazon.co.uk//Sandstone-Philips-Bluetooth-compatible-required/dp/B07ZZRBZVY/ref=sr_1_92?dchild=1&keywords=alexa&qid=1631704414&sr=8-92
"Echo Dot (4th generation), Glacier White + Philips Hue White Smart Bulb Twin Pack LED (E27) | Bluetooth & ZigBee compatible (no hub required)",£68.48,4.7 out of 5 stars,40,https://www.amazon.co.uk//All-new-generation-Bluetooth-compatible-required/dp/B08K89MLN4/ref=sr_1_93?dchild=1&keywords=alexa&qid=1631704414&sr=8-93
"All-new Echo Show 5 | 2nd generation (2021 release), Charcoal + LIFX Colour Smart Bulb (E27), Works with Alexa",£78.99,5.0 out of 5 stars,1,https://www.amazon.co.uk//All-new-generation-release-Charcoal-Colour/dp/B09CF7MF47/ref=sr_1_94?dchild=1&keywords=alexa&qid=1631704414&sr=8-94
"Certified Refurbished Echo (4th generation) | With premium sound, smart home hub and Alexa | Charcoal",£80.99,,Climate Pledge Friendly,https://www.amazon.co.uk//certified-refurbished-echo-4th-generation-with-premium-sound-smart-home-hub-and-alexa-charcoal/dp/B085PLG1XW/ref=sr_1_95?dchild=1&keywords=alexa&qid=1631704414&sr=8-95
BOOMPODS AQUABLASTER - Waterproof Bluetooth Portable Wireless Speaker with Amazon Alexa - Hi-Quality Sound - Awesome Listening in Shower at the Pool or the Beach with over 5-hours of Active Playtime,£23.80,3.9 out of 5 stars,672,https://www.amazon.co.uk//gp/slredirect/picassoRedirect.html/ref=pa_sp_mtf_aps_sr_pg6_1?ie=UTF8&adId=A08556761EMUBTZ8X2WLU&url=%2FBoompods-Aquablaster-Bluetooth-Wireless-Speaker%2Fdp%2FB07HY87JML%2Fref%3Dsr_1_96_sspa%3Fdchild%3D1%26keywords%3Dalexa%26qid%3D1631704414%26smid%3DA2GPCQEYT0PWY%26sr%3D8-96-spons%26psc%3D1%26smid%3DA2GPCQEYT0PWY&qualifier=1631704414&id=6994501431996291&widgetName=sp_mtf
"Echo Show 5, White + Philips Hue White Smart Bulb Twin Pack LED (E27) | Bluetooth & ZigBee compatible (no hub required)",£63.48,4.8 out of 5 stars,115,https://www.amazon.co.uk//Philips-Bluetooth-ZigBee-compatible-required/dp/B07ZZR4T8T/ref=sr_1_97?dchild=1&keywords=alexa&qid=1631704414&sr=8-97
Echo Flex + Philips Hue White & Colour Ambiance Smart Bulb Twin Pack LED (E27) | Bluetooth & ZigBee compatible (no hub required),£74.98,4.5 out of 5 stars,23,https://www.amazon.co.uk//Philips-Ambiance-Bluetooth-compatible-required/dp/B07ZZQYTQZ/ref=sr_1_98?dchild=1&keywords=alexa&qid=1631704414&sr=8-98
"Echo Dot (3rd Gen), Charcoal Fabric + Philips Hue White and Colour Ambience Smart Bulb LED (B22) | Bluetooth & ZigBee compatible (no hub required), Works with Alexa",£86.45,4.8 out of 5 stars,21,https://www.amazon.co.uk//Charcoal-Ambience-Bluetooth-compatible-required/dp/B07ZZRDHJT/ref=sr_1_99?dchild=1&keywords=alexa&qid=1631704414&sr=8-99
"Echo Show 5, White + Philips Hue White & Colour Ambiance Smart Bulb Twin Pack LED (E27) | Bluetooth & ZigBee compatible (no hub required)",£104.98,5.0 out of 5 stars,11,https://www.amazon.co.uk//Philips-Ambiance-Bluetooth-compatible-required/dp/B07ZZQYTR2/ref=sr_1_100?dchild=1&keywords=alexa&qid=1631704414&sr=8-100
"Nooie WiFi Dog Camera, Baby Monitor, 1080P FHD indoor Wireless IP Camera, Home Security Camera with SD card, Motion Tracking Night Vision Two-Way Audio Motion and Sound Detection, Works with Alexa",£39.99,4.5 out of 5 stars,"2,474",https://www.amazon.co.uk//gp/slredirect/picassoRedirect.html/ref=pa_sp_btf_aps_sr_pg6_1?ie=UTF8&adId=A0554593YHJJIUL1L0AI&url=%2FMonitor-Wireless-Security-Tracking-Detection%2Fdp%2FB07PK9J2L6%2Fref%3Dsr_1_101_sspa%3Fdchild%3D1%26keywords%3Dalexa%26qid%3D1631704414%26sr%3D8-101-spons%26psc%3D1&qualifier=1631704414&id=6994501431996291&widgetName=sp_btf
"NETVUE Mini Security Camera Indoor Wi-Fi Pet Camera, Baby Monitor Camera, 1080P HD Dog Camera with Motion Detection, Two-Way Audio, Cloud & SD Card Storage Compatible with Alexa, Black",£28.04,4.3 out of 5 stars,706,https://www.amazon.co.uk//gp/slredirect/picassoRedirect.html/ref=pa_sp_btf_aps_sr_pg6_1?ie=UTF8&adId=A04674662NGP1MGZWZJQI&url=%2FNETVUE-Security-Monitor-Detection-Compatible%2Fdp%2FB08MQ46PZ7%2Fref%3Dsr_1_102_sspa%3Fdchild%3D1%26keywords%3Dalexa%26qid%3D1631704414%26sr%3D8-102-spons%26psc%3D1%26smid%3DA9I3FXJZQ9ZD8&qualifier=1631704414&id=6994501431996291&widgetName=sp_btf
"IPX7 Waterproof Bluetooth Speaker, Wierless Portable Speakers with LED Lights 360°Surround Sound, AUX-in, SD/TF Card, Built-in Mic, 24H Playtime for Hiking, Camping, Travel, Outdoor",£38.99,4.5 out of 5 stars,28,https://www.amazon.co.uk//gp/slredirect/picassoRedirect.html/ref=pa_sp_atf_next_aps_sr_pg7_1?ie=UTF8&adId=A0252797IY25DHFCIJU&url=%2FWaterproof-Bluetooth-Wierless-Portable-360%25C2%25B0Surround%2Fdp%2FB09833ZCC7%2Fref%3Dsr_1_97_sspa%3Fdchild%3D1%26keywords%3Dalexa%26qid%3D1631704416%26sr%3D8-97-spons%26psc%3D1&qualifier=1631704416&id=6038926933016467&widgetName=sp_atf_next
"RGB WiFi Led Decking Lights Waterproof IP67 Ø45MM 12V 0.5W - Led Plinth Light Kits for Terrace/Patio/Path/Wall/Garden/Decoration, Lot of 10",£76.99,4.4 out of 5 stars,48,https://www.amazon.co.uk//gp/slredirect/picassoRedirect.html/ref=pa_sp_atf_next_aps_sr_pg7_1?ie=UTF8&adId=A10242172QQAB1FKHUHS7&url=%2FWiFi-Decking-Lights-Waterproof-%25C3%259845MM%2Fdp%2FB0925QHBYQ%2Fref%3Dsr_1_98_sspa%3Fdchild%3D1%26keywords%3Dalexa%26qid%3D1631704416%26sr%3D8-98-spons%26psc%3D1%26smid%3DAICR6LELC70HK&qualifier=1631704416&id=6038926933016467&widgetName=sp_atf_next
Echo Studio + Philips Hue White Smart Bulb Twin Pack LED (E27) | Bluetooth & ZigBee compatible (no hub required),£213.48,4.6 out of 5 stars,17,https://www.amazon.co.uk//Studio-Philips-Bluetooth-compatible-required/dp/B07ZZR3N63/ref=sr_1_99?dchild=1&keywords=alexa&qid=1631704416&sr=8-99
"All-new Echo Show 5 | 2nd generation (2021 release), Glacier White + LIFX Colour Smart Bulb (E27), Works with Alexa",£78.99,,,https://www.amazon.co.uk//All-new-generation-release-Glacier-Colour/dp/B09CF8151N/ref=sr_1_100?dchild=1&keywords=alexa&qid=1631704416&sr=8-100
"Echo Dot (3rd generation), Charcoal Fabric + TP-Link Tapo smart bulb (E27), Works with Alexa",£49.76,4.8 out of 5 stars,35,https://www.amazon.co.uk//generation-Charcoal-Fabric-TP-Link-smart/dp/B08N3KJ9FW/ref=sr_1_101?dchild=1&keywords=alexa&qid=1631704416&sr=8-101
"Echo Show 5, White + LIFX White Wi-Fi Smart Bulb LED (B22) (no hub required), Works with Alexa",£59.98,4.7 out of 5 stars,48,https://www.amazon.co.uk//White-Wi-Fi-Smart-required-Works/dp/B08K8B9JVM/ref=sr_1_102?dchild=1&keywords=alexa&qid=1631704416&sr=8-102
"Echo Show 5, White + LIFX White Wi-Fi Smart Bulb LED (E27) (no hub required), Works with Alexa",£59.98,5.0 out of 5 stars,22,https://www.amazon.co.uk//White-Wi-Fi-Smart-required-Works/dp/B08K893M79/ref=sr_1_103?dchild=1&keywords=alexa&qid=1631704416&sr=8-103
"Echo Dot (4th generation), Twilight Blue + LIFX Colour Smart Bulb (E27), Works with Alexa",£63.99,,,https://www.amazon.co.uk//generation-Twilight-Colour-Smart-Works/dp/B09CF9NYTF/ref=sr_1_104?dchild=1&keywords=alexa&qid=1631704416&sr=8-104
Echo Flex + Philips Hue White Smart Bulb Twin Pack LED (B22) | Bluetooth & ZigBee compatible (no hub required),£33.48,4.7 out of 5 stars,185,https://www.amazon.co.uk//Philips-Bluetooth-ZigBee-compatible-required/dp/B07ZZR5TTB/ref=sr_1_105?dchild=1&keywords=alexa&qid=1631704416&sr=8-105
"Echo Show 8, Charcoal Fabric + Philips Hue White & Colour Ambiance Smart Bulb Twin Pack LED (E27) | Bluetooth & ZigBee compatible (no hub required)",£159.98,4.7 out of 5 stars,20,https://www.amazon.co.uk//Charcoal-Ambiance-Bluetooth-compatible-required/dp/B07ZZQNBX6/ref=sr_1_106?dchild=1&keywords=alexa&qid=1631704416&sr=8-106
"BroadLink RM4 pro S and Sensor Cable Set, Universal RF IR Remote Control Hub with USB Cable Temperature Humidity Monitor USB Cable, Works with Alexa, Google Home, IFTTT",£53.99,4.1 out of 5 stars,651,https://www.amazon.co.uk//gp/slredirect/picassoRedirect.html/ref=pa_sp_mtf_aps_sr_pg7_1?ie=UTF8&adId=A08046393BPZVIICHYI3O&url=%2FBroadLink-RM4-pro-Universal-Temperature%2Fdp%2FB0872P4HX7%2Fref%3Dsr_1_107_sspa%3Fdchild%3D1%26keywords%3Dalexa%26qid%3D1631704416%26sr%3D8-107-spons%26psc%3D1&qualifier=1631704416&id=6038926933016467&widgetName=sp_mtf
"Echo Dot (4th generation), Glacier White + LIFX Colour Smart Bulb (E27), Works with Alexa",£63.99,,,https://www.amazon.co.uk//generation-Glacier-White-Colour-Smart/dp/B09CF875D8/ref=sr_1_108?dchild=1&keywords=alexa&qid=1631704416&sr=8-108
"Echo Dot (3rd Gen), Charcoal Fabric + Philips Hue White Smart Bulb LED (E27) | Bluetooth & ZigBee compatible (no hub required)",£53.97,4.8 out of 5 stars,120,https://www.amazon.co.uk//Charcoal-Philips-Bluetooth-compatible-required/dp/B08483MJR1/ref=sr_1_109?dchild=1&keywords=alexa&qid=1631704416&sr=8-109
"Echo Dot (3rd generation), Charcoal Fabric + TP-Link Tapo smart bulb (B22), Works with Alexa",£46.98,4.7 out of 5 stars,170,https://www.amazon.co.uk//generation-Charcoal-Fabric-TP-Link-smart/dp/B08N32JPY4/ref=sr_1_110?dchild=1&keywords=alexa&qid=1631704416&sr=8-110
"Echo Show 5, White + TP-Link Tapo smart bulb (E27), Works with Alexa",£54.76,4.8 out of 5 stars,26,https://www.amazon.co.uk//White-TP-Link-smart-Works-Alexa/dp/B08N2W7ZYD/ref=sr_1_111?dchild=1&keywords=alexa&qid=1631704416&sr=8-111
V-TAC LED Strip Lights RGB Colour Changing Lighting Strip (5m) with Remote LED Lights for Bedroom | Compatible with Amazon Alexa & Google Home TV DIY Decoration [BS Plug],£23.95,3.8 out of 5 stars,18,https://www.amazon.co.uk//gp/slredirect/picassoRedirect.html/ref=pa_sp_mtf_aps_sr_pg7_1?ie=UTF8&adId=A0098106243LSNR23AI07&url=%2FV-TAC-Changing-Lighting-Compatible-Decoration%2Fdp%2FB08NGTGWB7%2Fref%3Dsr_1_112_sspa%3Fdchild%3D1%26keywords%3Dalexa%26qid%3D1631704416%26sr%3D8-112-spons%26psc%3D1%26smid%3DA38YA4HEE0LLY5&qualifier=1631704416&id=6038926933016467&widgetName=sp_mtf
"Echo Dot (4th generation), Glacier White + LIFX Colour Smart Bulb (E27), Works with Alexa",£53.99,,,https://www.amazon.co.uk//generation-Glacier-White-Colour-Smart/dp/B09CF8HS9H/ref=sr_1_113?dchild=1&keywords=alexa&qid=1631704416&sr=8-113
"All-new Echo Dot (4th generation), Glacier White + TP-Link Tapo smart bulb (E27), Works with Alexa",£59.76,4.6 out of 5 stars,39,https://www.amazon.co.uk//All-new-generation-Glacier-White-TP-Link/dp/B08N36CL8T/ref=sr_1_114?dchild=1&keywords=alexa&qid=1631704416&sr=8-114
"All-new Echo Show 5 | 2nd generation (2021 release), Deep Sea Blue + LIFX Colour Smart Bulb (E27), Works with Alexa",£78.99,,,https://www.amazon.co.uk//All-new-generation-release-Colour-Smart/dp/B09CF7CVSB/ref=sr_1_115?dchild=1&keywords=alexa&qid=1631704416&sr=8-115
Amazon Echo Dot (2nd Gen) – Smart Speaker with Alexa – White,,4.6 out of 5 stars,"47,207",https://www.amazon.co.uk//Amazon-Echo-Dot-2nd-Gen/dp/B01DFKBG5Y/ref=sr_1_116?dchild=1&keywords=alexa&qid=1631704416&sr=8-116
"Alexa WiFi Smart Light Bulb, FREECUBE B22 LED Candle Bulb Bayonet (5W = 50W), Dimmable RGBCW Music Sync Colour Changing Light Bulb Compatible with Alexa, Google Home, No Hub Required (2 Pack)",£18.99,4.4 out of 5 stars,91,https://www.amazon.co.uk//gp/slredirect/picassoRedirect.html/ref=pa_sp_btf_aps_sr_pg7_1?ie=UTF8&adId=A08193842YCWPIP0UPTL0&url=%2FFREECUBE-Dimmable-Changing-Compatible-Required%2Fdp%2FB08V16V157%2Fref%3Dsr_1_117_sspa%3Fdchild%3D1%26keywords%3Dalexa%26qid%3D1631704416%26sr%3D8-117-spons%26psc%3D1&qualifier=1631704416&id=6038926933016467&widgetName=sp_btf
"PURSNIC 5m LED Lights,16 Million Colors Smart WiFi LED Light with Music Voice Timer,32 Scene Modes,APP Control,16.4ft RGB Bluetooth LED Lights with IR Remote,Fit Google Assistant/Alexa,for Party",£24.99,4.6 out of 5 stars,11,https://www.amazon.co.uk//gp/slredirect/picassoRedirect.html/ref=pa_sp_btf_aps_sr_pg7_1?ie=UTF8&adId=A08381812C85NFVWK55G7&url=%2FPURSNIC-Million-Control-Bluetooth-Assistant%2Fdp%2FB095S9Z34T%2Fref%3Dsr_1_118_sspa%3Fdchild%3D1%26keywords%3Dalexa%26qid%3D1631704416%26sr%3D8-118-spons%26psc%3D1&qualifier=1631704416&id=6038926933016467&widgetName=sp_btf
"WenTop Bluetooth LED Strip Lights, 15m Ultra-Long RGB Light Strip with Remote, Music Sync, App Control, LED Lights for Bedroom, Home, Party Decoration",£16.99,4.5 out of 5 stars,129,https://www.amazon.co.uk//gp/slredirect/picassoRedirect.html/ref=pa_sp_atf_next_aps_sr_pg8_1?ie=UTF8&adId=A0476116MUDRS88P2U0D&url=%2FWenTop-Bluetooth-Ultra-Long-Control-Decoration%2Fdp%2FB08NPP4KKV%2Fref%3Dsr_1_113_sspa%3Fdchild%3D1%26keywords%3Dalexa%26qid%3D1631704417%26sr%3D8-113-spons%26psc%3D1&qualifier=1631704417&id=5815939873612043&widgetName=sp_atf_next
"TOUCAN Video Doorbell Camera 1080p HD with Chime, Doorbell Camera with Motion Detector, Wifi Video Doorbell, Camera Doorbell Night Vision, 180° Wide Angle, 2-Way Audio, Weatherproof, Works with Alexa",£87.95,3.9 out of 5 stars,353,https://www.amazon.co.uk//gp/slredirect/picassoRedirect.html/ref=pa_sp_atf_next_aps_sr_pg8_1?ie=UTF8&adId=A0767493360IKSWEY6IB0&url=%2FWireless-Doorbell-Security-Camera-Detection%2Fdp%2FB086PRB1YQ%2Fref%3Dsr_1_114_sspa%3Fdchild%3D1%26keywords%3Dalexa%26qid%3D1631704417%26sr%3D8-114-spons%26psc%3D1&qualifier=1631704417&id=5815939873612043&widgetName=sp_atf_next
"Echo Show 5, White + Philips Hue White Smart Bulb Twin Pack LED (B22) | Bluetooth & ZigBee compatible (no hub required)",£63.48,4.7 out of 5 stars,241,https://www.amazon.co.uk//Philips-Bluetooth-ZigBee-compatible-required/dp/B07ZZRGKS3/ref=sr_1_115?dchild=1&keywords=alexa&qid=1631704417&sr=8-115
"All-new Echo Dot (4th generation), Twilight Blue + TP-Link Tapo smart bulb (E27), Works with Alexa",£59.76,4.7 out of 5 stars,53,https://www.amazon.co.uk//All-new-generation-Twilight-TP-Link-smart/dp/B08N2X39GP/ref=sr_1_116?dchild=1&keywords=alexa&qid=1631704417&sr=8-116
"Echo Flex + Philips Hue White and Colour Ambience Smart Bulb LED (B22) | Bluetooth & ZigBee compatible (no hub required), Works with Alexa",£61.45,,,https://www.amazon.co.uk//Philips-Ambience-Bluetooth-compatible-required/dp/B08K89ZNSG/ref=sr_1_117?dchild=1&keywords=alexa&qid=1631704417&sr=8-117
"Echo Flex + LIFX White Wi-Fi Smart Bulb LED (B22) (no hub required), Works with Alexa",£29.98,4.5 out of 5 stars,7,https://www.amazon.co.uk//White-Wi-Fi-Smart-required-Works/dp/B08K8B9JVX/ref=sr_1_118?dchild=1&keywords=alexa&qid=1631704417&sr=8-118
"Echo Flex + Philips Hue White and Colour Ambience Smart Bulb LED (E27) | Bluetooth & ZigBee compatible (no hub required), Works with Alexa",£59.97,5.0 out of 5 stars,3,https://www.amazon.co.uk//Philips-Ambience-Bluetooth-compatible-required/dp/B08K8B9TTT/ref=sr_1_119?dchild=1&keywords=alexa&qid=1631704417&sr=8-119
"Echo Flex + TP-Link Tapo smart bulb (E27), Works with Alexa",£24.76,4.1 out of 5 stars,16,https://www.amazon.co.uk//Echo-TP-Link-smart-Works-Alexa/dp/B08N2QLQCD/ref=sr_1_120?dchild=1&keywords=alexa&qid=1631704417&sr=8-120
"Echo Show 8, Charcoal Fabric + Philips Hue White Smart Bulb Twin Pack LED (E27) | Bluetooth & ZigBee compatible (no hub required)",£118.48,4.7 out of 5 stars,181,https://www.amazon.co.uk//Charcoal-Philips-Bluetooth-compatible-required/dp/B07ZZQYTQD/ref=sr_1_121?dchild=1&keywords=alexa&qid=1631704417&sr=8-121
"Echo Dot (4th generation) with clock, Glacier White + Philips Hue White Smart Bulb Twin Pack LED (B22) | Bluetooth & ZigBee compatible (no hub required)",£78.48,4.9 out of 5 stars,57,https://www.amazon.co.uk//All-new-generation-Bluetooth-compatible-required/dp/B08K8B9Y93/ref=sr_1_122?dchild=1&keywords=alexa&qid=1631704417&sr=8-122
"Smart Colour Changing Bulb E14 WiFi Candle Bulbs, 5W LED Light Bulbs RGBCW 2700K-5700K, 16 Million Colour Choices, Alexa Light Bulbs Compatible with Alexa, Google Home, 3 Pack (2.4Ghz Only)",£29.99,4.3 out of 5 stars,570,https://www.amazon.co.uk//gp/slredirect/picassoRedirect.html/ref=pa_sp_mtf_aps_sr_pg8_1?ie=UTF8&adId=A062369824PNYPLEYIXJS&url=%2FCandle-Changing-Compatible-Perfect-Bedroom%2Fdp%2FB07Z4SB7G2%2Fref%3Dsr_1_123_sspa%3Fdchild%3D1%26keywords%3Dalexa%26qid%3D1631704417%26sr%3D8-123-spons%26psc%3D1&qualifier=1631704417&id=5815939873612043&widgetName=sp_mtf
"Echo Dot (4th generation) with clock, Twilight Blue + Philips Hue White Smart Bulb Twin Pack LED (E27) | Bluetooth & ZigBee compatible (no hub required)",£78.48,4.5 out of 5 stars,38,https://www.amazon.co.uk//generation-Twilight-Bluetooth-compatible-required/dp/B08K89QNC4/ref=sr_1_124?dchild=1&keywords=alexa&qid=1631704417&sr=8-124
Echo Flex + Philips Hue White & Colour Ambiance Smart Bulb Twin Pack LED (B22) | Bluetooth & ZigBee compatible (no hub required),£63.01,4.6 out of 5 stars,25,https://www.amazon.co.uk//Philips-Ambiance-Bluetooth-compatible-required/dp/B07ZZR62TT/ref=sr_1_125?dchild=1&keywords=alexa&qid=1631704417&sr=8-125
"Echo Dot (4th generation), Glacier White + LIFX Colour Smart Bulb (B22), Works with Alexa",£69.98,,,https://www.amazon.co.uk//generation-Glacier-White-Colour-Smart/dp/B09CF885MF/ref=sr_1_126?dchild=1&keywords=alexa&qid=1631704417&sr=8-126
"Echo Dot (3rd Gen), Charcoal Fabric + Philips Hue White Smart Bulb LED (B22) | Bluetooth & ZigBee compatible (no hub required)",£53.97,4.8 out of 5 stars,284,https://www.amazon.co.uk//Charcoal-Philips-Bluetooth-compatible-required/dp/B08483P64D/ref=sr_1_127?dchild=1&keywords=alexa&qid=1631704417&sr=8-127
"Echo Flex + LIFX White Wi-Fi Smart Bulb LED (E27) (no hub required), Works with Alexa",£29.98,5.0 out of 5 stars,3,https://www.amazon.co.uk//White-Wi-Fi-Smart-required-Works/dp/B08K89C1FW/ref=sr_1_128?dchild=1&keywords=alexa&qid=1631704417&sr=8-128
Certified Refurbished Echo Flex | Plug-in smart speaker with Alexa,£21.99,,,https://www.amazon.co.uk//Staging-Product-Not-Retail-Sale/dp/B07PFG4NXP/ref=sr_1_129?dchild=1&keywords=alexa&qid=1631704417&sr=8-129
"Echo Flex + TP-Link Tapo smart bulb (B22), Works with Alexa",£21.98,4.3 out of 5 stars,63,https://www.amazon.co.uk//Echo-TP-Link-smart-Works-Alexa/dp/B08N2XNH5Y/ref=sr_1_130?dchild=1&keywords=alexa&qid=1631704417&sr=8-130
"Echo Dot (4th generation), Twilight Blue + LIFX Colour Smart Bulb (B22), Works with Alexa",£69.98,,,https://www.amazon.co.uk//generation-Twilight-Colour-Smart-Works/dp/B09CF7W438/ref=sr_1_131?dchild=1&keywords=alexa&qid=1631704417&sr=8-131
"WiFi Smart Bulb E27 Screw, Avatar Controls Alexa LED Light Bulbs Colour Dimmable Works with Alexa/Google Home, 8W RGB+Warm+Cool White 800LM, No Hub Required(2 Pack)",£15.28,4.5 out of 5 stars,"1,554",https://www.amazon.co.uk//gp/slredirect/picassoRedirect.html/ref=pa_sp_btf_aps_sr_pg8_1?ie=UTF8&adId=A0123995161YSJTQL6BG5&url=%2FDimmable-Avatar-Controls-Control-Required%2Fdp%2FB07S4DV7Z5%2Fref%3Dsr_1_132_sspa%3Fdchild%3D1%26keywords%3Dalexa%26qid%3D1631704417%26sr%3D8-132-spons%26psc%3D1&qualifier=1631704417&id=5815939873612043&widgetName=sp_btf
"Portal TV from Facebook, Smart Video Calling on your TV with Alexa Built-in",£129.63,4.6 out of 5 stars,2019,https://www.amazon.co.uk//gp/slredirect/picassoRedirect.html/ref=pa_sp_btf_aps_sr_pg8_1?ie=UTF8&adId=A05029782K993I98SGP67&url=%2FPortal-Facebook-Smart-Calling-Built%2Fdp%2FB07XY7C7C1%2Fref%3Dsr_1_133_sspa%3Fdchild%3D1%26keywords%3Dalexa%26qid%3D1631704417%26sr%3D8-133-spons%26psc%3D1&qualifier=1631704417&id=5815939873612043&widgetName=sp_btf
"Nooie Baby Monitor WiFi Dog Pet Camera Indoor,360-degree Wireless IP Camera,1080P Home Security Camera,Motion Tracking,Night Vision,Works with Alexa",£29.74,4.4 out of 5 stars,"3,845",https://www.amazon.co.uk//gp/slredirect/picassoRedirect.html/ref=pa_sp_btf_aps_sr_pg8_1?ie=UTF8&adId=A0498218JOOPCJDXJOBA&url=%2FMonitor-Camera-Security-Tracking-Compatible%2Fdp%2FB082WS68D7%2Fref%3Dsr_1_134_sspa%3Fdchild%3D1%26keywords%3Dalexa%26qid%3D1631704417%26sr%3D8-134-spons%26psc%3D1&qualifier=1631704417&id=5815939873612043&widgetName=sp_btf
"eufy Security, eufyCam 2C 2-Cam Kit, Security Camera Outdoor, Wireless Home Security System with 180-Day Battery Life, HomeKit Compatibility, 1080p HD, IP67, Night Vision, No Monthly Fee",£229.99,4.6 out of 5 stars,"7,378",https://www.amazon.co.uk//gp/slredirect/picassoRedirect.html/ref=pa_sp_atf_next_aps_sr_pg9_1?ie=UTF8&adId=A0127596OMJRMZ93N3DE&url=%2FSecurity-eufyCam-Wireless-Weatherproof-Compatible%2Fdp%2FB07W4MY7HL%2Fref%3Dsr_1_129_sspa%3Fdchild%3D1%26keywords%3Dalexa%26qid%3D1631704418%26sr%3D8-129-spons%26psc%3D1&qualifier=1631704418&id=1607657532319566&widgetName=sp_atf_next
"LE WiFi Smart Bulb B22, RGB Warm White LED Bayonet Bulbs, Works with Alexa and Google Home, APP or Voice Control, Dimmable Colour Changing, 9W = 60W, No Hub Required, Pack of 2 (2.4GHz Only)",£17.99,4.3 out of 5 stars,588,https://www.amazon.co.uk//gp/slredirect/picassoRedirect.html/ref=pa_sp_atf_next_aps_sr_pg9_1?ie=UTF8&adId=A00696879CMT1ZVH7S37&url=%2FLampUX-Bayonet-Compatible-Google-Required%2Fdp%2FB07PCPNCT1%2Fref%3Dsr_1_130_sspa%3Fdchild%3D1%26keywords%3Dalexa%26qid%3D1631704418%26sr%3D8-130-spons%26psc%3D1&qualifier=1631704418&id=1607657532319566&widgetName=sp_atf_next
Echo Flex + Philips Hue White Smart Bulb Twin Pack LED (E27) | Bluetooth & ZigBee compatible (no hub required),£33.48,4.6 out of 5 stars,93,https://www.amazon.co.uk//Philips-Bluetooth-ZigBee-compatible-required/dp/B07ZZR121J/ref=sr_1_131?dchild=1&keywords=alexa&qid=1631704418&sr=8-131
The New Echo Dot - Charcoal Fabric plus Ring Video Doorbell 2,£228.99,4.5 out of 5 stars,63,https://www.amazon.co.uk//New-Echo-Dot-Charcoal-Doorbell/dp/B07JMM2RFY/ref=sr_1_132?dchild=1&keywords=alexa&qid=1631704418&sr=8-132
"Echo Dot (4th generation) with clock, Twilight Blue + Philips Hue White Smart Bulb Twin Pack LED (B22) | Bluetooth & ZigBee compatible (no hub required)",£78.48,4.8 out of 5 stars,137,https://www.amazon.co.uk//generation-Twilight-Bluetooth-compatible-required/dp/B08K89KF2W/ref=sr_1_133?dchild=1&keywords=alexa&qid=1631704418&sr=8-133
"Echo Dot (4th generation) with clock, Glacier White + Philips Hue White Smart Bulb Twin Pack LED (E27) | Bluetooth & ZigBee compatible (no hub required)",£78.48,4.7 out of 5 stars,25,https://www.amazon.co.uk//All-new-generation-Bluetooth-compatible-required/dp/B08K89M5PM/ref=sr_1_134?dchild=1&keywords=alexa&qid=1631704418&sr=8-134
"YONMIG Smart Watch, 1.69inch Fitness Watch with 14 Sport Modes, Heart Rate & Blood Oxygen Monitor, Alexa Built-in Activity Tracker, Smartwatch Health Watch for Men Women for iPhone Android Phone",£36.99,4.0 out of 5 stars,364,https://www.amazon.co.uk//gp/slredirect/picassoRedirect.html/ref=pa_sp_mtf_aps_sr_pg9_1?ie=UTF8&adId=A10276402VJG0DMRJN9WS&url=%2FYONMIG-1-69inch-Fitness-Activity-Smartwatch%2Fdp%2FB08RHYHMNK%2Fref%3Dsr_1_135_sspa%3Fdchild%3D1%26keywords%3Dalexa%26qid%3D1631704418%26sr%3D8-135-spons%26psc%3D1&qualifier=1631704418&id=1607657532319566&widgetName=sp_mtf
"Alexa LED Strip Lights with Remote 10m/1roll, TOPTSOFI Smart APP Control RGB LED Strip Lights Colour Changing Music Sync LED Lights for Bedroom Kids Room Party Decoration, Work with Alexa Google Home",£27.99,4.6 out of 5 stars,55,https://www.amazon.co.uk//gp/slredirect/picassoRedirect.html/ref=pa_sp_mtf_aps_sr_pg9_1?ie=UTF8&adId=A0942526C88UULKPGQQG&url=%2FTOPTSOFI-Control-Changing-Bedroom-Decoration%2Fdp%2FB08P5Q5W32%2Fref%3Dsr_1_136_sspa%3Fdchild%3D1%26keywords%3Dalexa%26qid%3D1631704418%26sr%3D8-136-spons%26psc%3D1&qualifier=1631704418&id=1607657532319566&widgetName=sp_mtf
"Accio Smart Home Wireless Dimmable Lighting 9W E27, Eco-Friendly, Compatible with Alexa | Warm White, Cool White & 16 Million Colours | Accio Mood Collection",£16.99,2.8 out of 5 stars,4,https://www.amazon.co.uk//gp/slredirect/picassoRedirect.html/ref=pa_sp_btf_aps_sr_pg9_1?ie=UTF8&adId=A042555631RC5F31HWWZV&url=%2FAccio-Wireless-Eco-Friendly-Compatible-Collection%2Fdp%2FB07WTQQJ4P%2Fref%3Dsr_1_137_sspa%3Fdchild%3D1%26keywords%3Dalexa%26qid%3D1631704418%26sr%3D8-137-spons%26psc%3D1&qualifier=1631704418&id=1607657532319566&widgetName=sp_btf
"Linkind E14 LED WiFi Smart Candle Light Bulb, 5.5W Colour Changing RGB Warm White SES Alexa Light, 40W Equivalent, Dimmable RGB+W, Compatible with Alexa Google Home, No Hub Required, 2 Pack",£16.99,4.2 out of 5 stars,17,https://www.amazon.co.uk//gp/slredirect/picassoRedirect.html/ref=pa_sp_btf_aps_sr_pg9_1?ie=UTF8&adId=A003235631S0YGIXDIMLV&url=%2FLinkind-Changing-Equivalent-Dimmable-Compatible%2Fdp%2FB08YJN769T%2Fref%3Dsr_1_138_sspa%3Fdchild%3D1%26keywords%3Dalexa%26qid%3D1631704418%26sr%3D8-138-spons%26psc%3D1&qualifier=1631704418&id=1607657532319566&widgetName=sp_btf
